-513.000000,1204
-282.000000,1608
-283.000000,1605
-284.000000,1607
-285.000000,1592
-286.000000,1591
-287.000000,1590
-288.000000,1582
-289.000000,1582
-290.000000,1581
-291.000000,1578
-292.000000,1579
-293.000000,1579
-294.000000,1573
-295.000000,1569
-296.000000,1569
-297.000000,1569
-298.000000,1567
-299.000000,1564
-300.000000,1561
-301.000000,1561
-302.000000,1562
-303.000000,1563
-304.000000,1563
-305.000000,1559
-306.000000,1559
-307.000000,1555
-308.000000,1557
-309.000000,1552
-310.000000,1552
-311.000000,1547
-312.000000,1548
-313.000000,1544
-314.000000,1546
-315.000000,1540
-316.000000,1532
-317.000000,1532
-318.000000,1532
-319.000000,1530
-320.000000,1529
-321.000000,1531
-322.000000,1530
-323.000000,1528
-324.000000,1529
-325.000000,1523
-326.000000,1523
-327.000000,1518
-328.000000,1515
-329.000000,1515
-330.000000,1513
-331.000000,1512
-332.000000,1488
-333.000000,1507
-334.000000,1505
-335.000000,1504
-336.000000,1501
-337.000000,1503
-338.000000,1492
-339.000000,1501
-340.000000,1498
-341.000000,1495
-342.000000,1493
-343.000000,1478
-344.000000,1489
-345.000000,1490
-346.000000,1486
-347.000000,1485
-348.000000,1480
-349.000000,1477
-350.000000,1476
-351.000000,1475
-352.000000,1474
-353.000000,1473
-354.000000,1474
-355.000000,1470
-356.000000,1469
-357.000000,1468
-358.000000,1467
-359.000000,1461
-360.000000,1465
-361.000000,1461
-362.000000,1458
-363.000000,1457
-364.000000,1458
-365.000000,1457
-366.000000,1457
-367.000000,1460
-368.000000,1457
-369.000000,1455
-370.000000,1454
-371.000000,1452
-372.000000,1452
-373.000000,1446
-374.000000,1444
-375.000000,1443
-376.000000,1442
-377.000000,1438
-378.000000,1437
-379.000000,1436
-380.000000,1434
-381.000000,1433
-382.000000,1430
-383.000000,1426
-384.000000,1426
-385.000000,1426
-386.000000,1426
-387.000000,1425
-388.000000,1422
-389.000000,1420
-390.000000,1416
-391.000000,1408
-392.000000,1412
-393.000000,1411
-394.000000,1410
-395.000000,1407
-396.000000,1400
-397.000000,1389
-398.000000,1403
-399.000000,1404
-400.000000,1398
-401.000000,1397
-402.000000,1387
-403.000000,1396
-404.000000,1393
-405.000000,1387
-406.000000,1387
-407.000000,1387
-408.000000,1381
-409.000000,1381
-410.000000,1379
-411.000000,1371
-412.000000,1380
-413.000000,1376
-414.000000,1371
-415.000000,1371
-416.000000,1363
-417.000000,1369
-418.000000,1364
-419.000000,1362
-420.000000,1361
-421.000000,1364
-422.000000,1359
-423.000000,1349
-424.000000,1363
-425.000000,1362
-426.000000,1359
-427.000000,1361
-428.000000,1356
-429.000000,1357
-430.000000,1350
-431.000000,1347
-432.000000,1348
-433.000000,1347
-434.000000,1344
-435.000000,1342
-436.000000,1337
-437.000000,1337
-438.000000,1333
-439.000000,1332
-440.000000,1329
-441.000000,1329
-442.000000,1325
-443.000000,1324
-444.000000,1324
-445.000000,1321
-446.000000,1319
-447.000000,1320
-448.000000,1315
-449.000000,1311
-450.000000,1308
-451.000000,1307
-452.000000,1303
-453.000000,1302
-454.000000,1303
-455.000000,1302
-456.000000,1298
-457.000000,1298
-458.000000,1290
-459.000000,1292
-460.000000,1289
-461.000000,1290
-462.000000,1289
-463.000000,1287
-464.000000,1286
-465.000000,1283
-466.000000,1277
-467.000000,1276
-468.000000,1276
-469.000000,1273
-470.000000,1272
-471.000000,1273
-472.000000,1271
-473.000000,1271
-474.000000,1268
-475.000000,1267
-476.000000,1265
-477.000000,1263
-478.000000,1262
-479.000000,1257
-480.000000,1252
-481.000000,1254
-482.000000,1253
-483.000000,1251
-484.000000,1247
-485.000000,1251
-486.000000,1237
-487.000000,1251
-488.000000,1253
-489.000000,1250
-490.000000,1248
-491.000000,1241
-492.000000,1241
-493.000000,1228
-494.000000,1234
-495.000000,1231
-496.000000,1233
-497.000000,1233
-498.000000,1232
-499.000000,1217
-500.000000,1225
-501.000000,1227
-502.000000,1224
-503.000000,1223
-504.000000,1223
-505.000000,1216
-506.000000,1212
-507.000000,1217
-508.000000,1211
-509.000000,1213
-510.000000,1211
-511.000000,1206
-512.000000,1206
-513.000000,1206
-514.000000,1203
-515.000000,1202
-516.000000,1200
-517.000000,1197
-518.000000,1198
-519.000000,1192
-520.000000,1195
-521.000000,1191
-522.000000,1190
-523.000000,1190
-524.000000,1186
-525.000000,1186
-526.000000,1186
-527.000000,1181
-528.000000,1175
-529.000000,1174
-530.000000,1173
-531.000000,1176
-532.000000,1172
-533.000000,1170
-534.000000,1171
-535.000000,1170
-536.000000,1167
-537.000000,1164
-538.000000,1161
-539.000000,1160
-540.000000,1171
-541.000000,1159
-542.000000,1158
-543.000000,1157
-544.000000,1157
-545.000000,1155
-546.000000,1152
-547.000000,1149
-548.000000,1150
-549.000000,1150
-550.000000,1147
-551.000000,1151
-552.000000,1145
-553.000000,1144
-554.000000,1142
-555.000000,1141
-556.000000,1137
-557.000000,1135
-558.000000,1132
-559.000000,1133
-560.000000,1130
-561.000000,1127
-562.000000,1126
-563.000000,1125
-564.000000,1124
-565.000000,1124
-566.000000,1116
-567.000000,1116
-568.000000,1104
-569.000000,1111
-570.000000,1094
-571.000000,1107
-572.000000,1105
-573.000000,1102
-574.000000,1087
-575.000000,1102
-576.000000,1100
-577.000000,1098
-578.000000,1093
-579.000000,1087
-580.000000,1087
-581.000000,1082
-582.000000,1087
-583.000000,1084
-584.000000,1082
-585.000000,1078
-586.000000,1074
-587.000000,1064
-588.000000,1071
-589.000000,1064
-590.000000,1051
-591.000000,1066
-592.000000,1065
-593.000000,1063
-594.000000,1057
-595.000000,1059
-596.000000,1055
-597.000000,1051
-598.000000,1049
-599.000000,1030
-600.000000,1044
-601.000000,1047
-602.000000,1047
-603.000000,1045
-604.000000,1044
-605.000000,1029
-606.000000,1041
-607.000000,1042
-608.000000,1038
-609.000000,1039
-610.000000,1026
-611.000000,1031
-612.000000,1030
-613.000000,1026
-614.000000,1026
-615.000000,1024
-616.000000,1023
-617.000000,1024
-618.000000,1019
-619.000000,1011
-620.000000,1014
-621.000000,1015
-622.000000,1014
-623.000000,1013
-624.000000,997
-625.000000,1007
-626.000000,1005
-627.000000,1001
-628.000000,999
-629.000000,989
-630.000000,986
-631.000000,993
-632.000000,980
-633.000000,990
-634.000000,985
-635.000000,988
-636.000000,981
-637.000000,977
-638.000000,979
-639.000000,976
-640.000000,974
-641.000000,972
-642.000000,966
-643.000000,955
-644.000000,967
-645.000000,967
-646.000000,962
-647.000000,958
-648.000000,955
-649.000000,950
-650.000000,930
-651.000000,944
-652.000000,929
-653.000000,943
-654.000000,942
-655.000000,942
-656.000000,940
-657.000000,931
-658.000000,936
-659.000000,930
-660.000000,931
-661.000000,930
-662.000000,923
-663.000000,926
-664.000000,916
-665.000000,928
-666.000000,931
-667.000000,929
-668.000000,928
-669.000000,929
-670.000000,923
-671.000000,911
-672.000000,918
-673.000000,917
-674.000000,906
-675.000000,911
-676.000000,902
-677.000000,907
-678.000000,909
-679.000000,909
-680.000000,906
-681.000000,904
-682.000000,896
-683.000000,894
-684.000000,897
-685.000000,895
-686.000000,893
-687.000000,892
-688.000000,891
-689.000000,887
-690.000000,888
-691.000000,883
-692.000000,886
-693.000000,880
-694.000000,872
-695.000000,876
-696.000000,873
-697.000000,874
-698.000000,868
-699.000000,869
-700.000000,868
-701.000000,867
-702.000000,866
-703.000000,866
-704.000000,861
-705.000000,858
-706.000000,853
-707.000000,850
-708.000000,853
-709.000000,855
-710.000000,852
-711.000000,851
-712.000000,849
-713.000000,849
-714.000000,843
-715.000000,842
-716.000000,843
-717.000000,838
-718.000000,836
-719.000000,836
-720.000000,834
-721.000000,831
-720.000000,836
-719.000000,834
-718.000000,834
-717.000000,837
-716.000000,834
-715.000000,834
-714.000000,835
-713.000000,830
-712.000000,835
-711.000000,836
-710.000000,834
-709.000000,836
-708.000000,831
-707.000000,833
-706.000000,834
-705.000000,833
-704.000000,835
-703.000000,835
-702.000000,836
-701.000000,836
-700.000000,839
-699.000000,835
-698.000000,840
-697.000000,842
-696.000000,842
-695.000000,844
-694.000000,844
-693.000000,846
-692.000000,848
-691.000000,853
-690.000000,844
-689.000000,856
-688.000000,855
-687.000000,853
-686.000000,860
-685.000000,863
-684.000000,865
-683.000000,866
-682.000000,868
-681.000000,864
-680.000000,862
-679.000000,867
-678.000000,869
-677.000000,875
-676.000000,875
-675.000000,876
-674.000000,881
-673.000000,880
-672.000000,885
-671.000000,886
-670.000000,883
-669.000000,877
-668.000000,892
-667.000000,890
-666.000000,892
-665.000000,894
-664.000000,896
-663.000000,900
-662.000000,894
-661.000000,901
-660.000000,906
-659.000000,888
-658.000000,909
-657.000000,905
-656.000000,903
-655.000000,902
-654.000000,908
-653.000000,911
-652.000000,912
-651.000000,914
-650.000000,899
-649.000000,908
-648.000000,898
-647.000000,923
-646.000000,926
-645.000000,921
-644.000000,927
-643.000000,934
-642.000000,935
-641.000000,922
-640.000000,934
-639.000000,940
-638.000000,941
-637.000000,945
-636.000000,943
-635.000000,939
-634.000000,946
-633.000000,947
-632.000000,953
-631.000000,955
-630.000000,953
-629.000000,962
-628.000000,962
-627.000000,969
-626.000000,969
-625.000000,969
-624.000000,971
-623.000000,972
-622.000000,960
-621.000000,978
-620.000000,980
-619.000000,981
-618.000000,980
-617.000000,978
-616.000000,987
-615.000000,992
-614.000000,989
-613.000000,992
-612.000000,999
-611.000000,1000
-610.000000,997
-609.000000,995
-608.000000,987
-607.000000,1003
-606.000000,1011
-605.000000,1012
-604.000000,1012
-603.000000,1003
-602.000000,1011
-601.000000,1014
-600.000000,1016
-599.000000,1022
-598.000000,1019
-597.000000,1002
-596.000000,1008
-595.000000,1020
-594.000000,1024
-593.000000,1025
-592.000000,1024
-591.000000,1025
-590.000000,1030
-589.000000,1033
-588.000000,1020
-587.000000,1038
-586.000000,1038
-585.000000,1045
-584.000000,1034
-583.000000,1045
-582.000000,1045
-581.000000,1052
-580.000000,1050
-579.000000,1050
-578.000000,1040
-577.000000,1054
-576.000000,1059
-575.000000,1063
-574.000000,1065
-573.000000,1070
-572.000000,1051
-571.000000,1073
-570.000000,1071
-569.000000,1077
-568.000000,1079
-567.000000,1080
-566.000000,1071
-565.000000,1082
-564.000000,1083
-563.000000,1085
-562.000000,1093
-561.000000,1096
-560.000000,1095
-559.000000,1098
-558.000000,1101
-557.000000,1105
-556.000000,1105
-555.000000,1105
-554.000000,1107
-553.000000,1113
-552.000000,1114
-551.000000,1117
-550.000000,1119
-549.000000,1117
-548.000000,1124
-547.000000,1123
-546.000000,1122
-545.000000,1126
-544.000000,1128
-543.000000,1129
-542.000000,1130
-541.000000,1131
-540.000000,1145
-539.000000,1135
-538.000000,1136
-537.000000,1137
-536.000000,1136
-535.000000,1139
-534.000000,1139
-533.000000,1140
-532.000000,1143
-531.000000,1143
-530.000000,1144
-529.000000,1144
-528.000000,1144
-527.000000,1151
-526.000000,1151
-525.000000,1152
-524.000000,1154
-523.000000,1158
-522.000000,1157
-521.000000,1164
-520.000000,1162
-519.000000,1163
-518.000000,1164
-517.000000,1166
-516.000000,1167
-515.000000,1171
-514.000000,1172
-513.000000,1174
-512.000000,1179
-511.000000,1180
-510.000000,1178
-509.000000,1185
-508.000000,1184
-507.000000,1185
-506.000000,1189
-505.000000,1191
-504.000000,1190
-503.000000,1188
-502.000000,1193
-501.000000,1194
-500.000000,1199
-499.000000,1196
-498.000000,1201
-497.000000,1202
-496.000000,1205
-495.000000,1203
-494.000000,1208
-493.000000,1211
-492.000000,1209
-491.000000,1212
-490.000000,1213
-489.000000,1209
-488.000000,1219
-487.000000,1222
-486.000000,1224
-485.000000,1225
-484.000000,1225
-483.000000,1230
-482.000000,1231
-481.000000,1229
-480.000000,1234
-479.000000,1233
-478.000000,1233
-477.000000,1227
-476.000000,1234
-475.000000,1232
-474.000000,1233
-473.000000,1236
-472.000000,1237
-471.000000,1238
-470.000000,1243
-469.000000,1245
-468.000000,1248
-467.000000,1253
-466.000000,1252
-465.000000,1252
-464.000000,1258
-463.000000,1259
-462.000000,1260
-461.000000,1267
-460.000000,1266
-459.000000,1268
-458.000000,1268
-457.000000,1269
-456.000000,1269
-455.000000,1273
-454.000000,1270
-453.000000,1274
-452.000000,1271
-451.000000,1275
-450.000000,1278
-449.000000,1286
-448.000000,1289
-447.000000,1289
-446.000000,1291
-445.000000,1289
-444.000000,1292
-443.000000,1292
-442.000000,1299
-441.000000,1300
-440.000000,1297
-439.000000,1299
-438.000000,1299
-437.000000,1303
-436.000000,1305
-435.000000,1310
-434.000000,1310
-433.000000,1313
-432.000000,1317
-431.000000,1322
-430.000000,1322
-429.000000,1323
-428.000000,1327
-427.000000,1324
-426.000000,1326
-425.000000,1331
-424.000000,1333
-423.000000,1336
-422.000000,1336
-421.000000,1326
-420.000000,1338
-419.000000,1340
-418.000000,1340
-417.000000,1344
-416.000000,1342
-415.000000,1345
-414.000000,1338
-413.000000,1347
-412.000000,1350
-411.000000,1349
-410.000000,1348
-409.000000,1348
-408.000000,1354
-407.000000,1350
-406.000000,1358
-405.000000,1362
-404.000000,1357
-403.000000,1363
-402.000000,1368
-401.000000,1368
-400.000000,1357
-399.000000,1369
-398.000000,1373
-397.000000,1378
-396.000000,1377
-395.000000,1362
-394.000000,1376
-393.000000,1382
-392.000000,1386
-391.000000,1388
-390.000000,1387
-389.000000,1387
-388.000000,1393
-387.000000,1395
-386.000000,1396
-385.000000,1397
-384.000000,1402
-383.000000,1405
-382.000000,1405
-381.000000,1404
-380.000000,1407
-379.000000,1407
-378.000000,1411
-377.000000,1412
-376.000000,1412
-375.000000,1416
-374.000000,1417
-373.000000,1418
-372.000000,1420
-371.000000,1425
-370.000000,1427
-369.000000,1424
-368.000000,1425
-367.000000,1429
-366.000000,1430
-365.000000,1431
-364.000000,1436
-363.000000,1437
-362.000000,1441
-361.000000,1441
-360.000000,1443
-359.000000,1442
-358.000000,1442
-357.000000,1443
-356.000000,1445
-355.000000,1449
-354.000000,1449
-353.000000,1448
-352.000000,1449
-351.000000,1448
-350.000000,1446
-349.000000,1451
-348.000000,1452
-347.000000,1457
-346.000000,1460
-345.000000,1459
-344.000000,1463
-343.000000,1462
-342.000000,1463
-341.000000,1453
-340.000000,1467
-339.000000,1473
-338.000000,1476
-337.000000,1470
-336.000000,1466
-335.000000,1475
-334.000000,1479
-333.000000,1483
-332.000000,1484
-331.000000,1488
-330.000000,1492
-329.000000,1494
-328.000000,1492
-327.000000,1498
-326.000000,1498
-325.000000,1498
-324.000000,1497
-323.000000,1500
-322.000000,1499
-321.000000,1505
-320.000000,1505
-319.000000,1510
-318.000000,1510
-317.000000,1510
-316.000000,1512
-315.000000,1512
-314.000000,1516
-313.000000,1522
-312.000000,1524
-311.000000,1522
-310.000000,1527
-309.000000,1530
-308.000000,1528
-307.000000,1530
-306.000000,1530
-305.000000,1534
-304.000000,1533
-303.000000,1535
-302.000000,1542
-301.000000,1544
-300.000000,1545
-299.000000,1546
-298.000000,1544
-297.000000,1548
-296.000000,1549
-295.000000,1547
-294.000000,1544
-293.000000,1549
-292.000000,1548
-291.000000,1548
-290.000000,1551
-289.000000,1556
-288.000000,1558
-287.000000,1562
-286.000000,1563
-285.000000,1564
-284.000000,1577
-283.000000,1584
-282.000000,1583
-281.000000,1586
-280.000000,1585
-279.000000,1589
-278.000000,1588
-277.000000,1590
-276.000000,1592
-275.000000,1596
-274.000000,1597
-273.000000,1598
-272.000000,1601
-271.000000,1603
-270.000000,1595
-269.000000,1604
-268.000000,1608
-267.000000,1611
-266.000000,1613
-265.000000,1613
-264.000000,1617
-263.000000,1620
-262.000000,1621
-261.000000,1622
-260.000000,1621
-259.000000,1624
-258.000000,1628
-257.000000,1626
-256.000000,1644
-255.000000,1625
-254.000000,1625
-253.000000,1634
-252.000000,1636
-251.000000,1620
-250.000000,1634
-249.000000,1638
-248.000000,1643
-247.000000,1642
-246.000000,1648
-245.000000,1652
-244.000000,1652
-243.000000,1652
-242.000000,1648
-241.000000,1647
-240.000000,1651
-239.000000,1656
-238.000000,1658
-237.000000,1667
-236.000000,1664
-235.000000,1665
-234.000000,1662
-233.000000,1666
-232.000000,1666
-231.000000,1657
-230.000000,1666
-229.000000,1671
-228.000000,1669
-227.000000,1667
-226.000000,1673
-225.000000,1677
-224.000000,1677
-223.000000,1679
-222.000000,1679
-221.000000,1691
-220.000000,1694
-219.000000,1692
-218.000000,1694
-217.000000,1695
-216.000000,1699
-215.000000,1703
-214.000000,1706
-213.000000,1708
-212.000000,1712
-211.000000,1705
-210.000000,1710
-209.000000,1714
-208.000000,1721
-207.000000,1726
-206.000000,1729
-205.000000,1728
-204.000000,1729
-203.000000,1735
-202.000000,1735
-201.000000,1736
-200.000000,1736
-199.000000,1735
-198.000000,1728
-197.000000,1727
-196.000000,1730
-195.000000,1733
-194.000000,1739
-193.000000,1743
-192.000000,1734
-191.000000,1746
-190.000000,1751
-189.000000,1751
-188.000000,1751
-187.000000,1755
-186.000000,1757
-185.000000,1756
-184.000000,1759
-183.000000,1763
-182.000000,1762
-181.000000,1765
-180.000000,1764
-179.000000,1767
-178.000000,1767
-177.000000,1767
-176.000000,1769
-175.000000,1770
-174.000000,1770
-173.000000,1773
-172.000000,1774
-171.000000,1773
-170.000000,1774
-169.000000,1777
-168.000000,1781
-167.000000,1782
-166.000000,1786
-165.000000,1777
-164.000000,1789
-163.000000,1775
-162.000000,1786
-161.000000,1796
-160.000000,1803
-159.000000,1803
-158.000000,1804
-157.000000,1798
-156.000000,1803
-155.000000,1804
-154.000000,1804
-153.000000,1804
-152.000000,1803
-151.000000,1810
-150.000000,1815
-149.000000,1816
-148.000000,1818
-147.000000,1827
-146.000000,1826
-145.000000,1829
-144.000000,1829
-143.000000,1829
-142.000000,1831
-141.000000,1833
-140.000000,1842
-139.000000,1841
-138.000000,1841
-137.000000,1841
-136.000000,1843
-135.000000,1850
-134.000000,1847
-133.000000,1851
-132.000000,1853
-131.000000,1859
-130.000000,1862
-129.000000,1862
-128.000000,1871
-127.000000,1871
-126.000000,1872
-125.000000,1870
-124.000000,1874
-123.000000,1871
-122.000000,1859
-121.000000,1865
-120.000000,1868
-119.000000,1878
-118.000000,1880
-117.000000,1883
-116.000000,1900
-115.000000,1890
-114.000000,1899
-113.000000,1900
-112.000000,1898
-111.000000,1898
-110.000000,1903
-109.000000,1905
-108.000000,1912
-107.000000,1890
-106.000000,1892
-105.000000,1896
-104.000000,1900
-103.000000,1902
-102.000000,1904
-101.000000,1905
-100.000000,1911
-99.000000,1912
-98.000000,1913
-97.000000,1913
-96.000000,1916
-95.000000,1918
-94.000000,1914
-93.000000,1918
-92.000000,1919
-91.000000,1926
-90.000000,1924
-89.000000,1931
-88.000000,1933
-87.000000,1938
-86.000000,1940
-85.000000,1940
-84.000000,1943
-83.000000,1943
-82.000000,1943
-81.000000,1951
-80.000000,1952
-79.000000,1955
-78.000000,1951
-77.000000,1954
-76.000000,1957
-75.000000,1958
-74.000000,1959
-73.000000,1961
-72.000000,1965
-71.000000,1968
-70.000000,1970
-69.000000,1969
-68.000000,1973
-67.000000,1972
-66.000000,1975
-65.000000,1978
-64.000000,1980
-63.000000,1981
-62.000000,1982
-61.000000,1983
-60.000000,1985
-59.000000,1986
-58.000000,1986
-57.000000,1986
-56.000000,1988
-55.000000,1986
-54.000000,1988
-53.000000,1986
-52.000000,1990
-51.000000,1989
-50.000000,1991
-49.000000,1994
-48.000000,1993
-47.000000,1998
-46.000000,2002
-45.000000,2005
-44.000000,2011
-43.000000,2017
-42.000000,2022
-41.000000,2028
-40.000000,2035
-39.000000,2037
-38.000000,2016
-37.000000,2015
-36.000000,2019
-35.000000,2022
-34.000000,2025
-33.000000,2026
-32.000000,2030
-31.000000,2029
-30.000000,2030
-29.000000,2033
-28.000000,2037
-27.000000,2039
-26.000000,2039
-25.000000,2042
-24.000000,2045
-23.000000,2045
-22.000000,2039
-21.000000,2054
-20.000000,2053
-19.000000,2069
-18.000000,2074
-17.000000,2070
-16.000000,2082
-15.000000,2077
-14.000000,2050
-13.000000,2059
-12.000000,2080
-11.000000,2075
-10.000000,2090
-9.000000,2077
-8.000000,2059
-7.000000,2072
-6.000000,2098
-5.000000,2101
-4.000000,2080
-3.000000,2092
-2.000000,2091
-1.000000,2076
0.000000,2085
1.000000,2095
2.000000,2075
3.000000,2096
4.000000,2085
5.000000,2100
6.000000,2094
7.000000,2095
8.000000,2092
9.000000,2089
10.000000,2104
11.000000,2101
12.000000,2105
13.000000,2111
14.000000,2112
15.000000,2124
16.000000,2110
17.000000,2113
18.000000,2112
19.000000,2115
20.000000,2119
21.000000,2123
22.000000,2121
23.000000,2121
24.000000,2123
25.000000,2129
26.000000,2131
27.000000,2128
28.000000,2131
29.000000,2133
30.000000,2136
31.000000,2143
32.000000,2146
33.000000,2144
34.000000,2146
35.000000,2148
36.000000,2147
37.000000,2153
38.000000,2154
39.000000,2155
40.000000,2157
41.000000,2158
42.000000,2158
43.000000,2161
44.000000,2160
45.000000,2163
46.000000,2164
47.000000,2171
48.000000,2170
49.000000,2174
50.000000,2172
51.000000,2178
52.000000,2180
53.000000,2183
54.000000,2183
55.000000,2186
56.000000,2186
57.000000,2190
58.000000,2192
59.000000,2192
60.000000,2197
61.000000,2193
62.000000,2198
63.000000,2197
64.000000,2199
65.000000,2199
66.000000,2199
67.000000,2199
68.000000,2200
69.000000,2202
70.000000,2201
71.000000,2204
72.000000,2206
73.000000,2213
74.000000,2216
75.000000,2218
76.000000,2218
77.000000,2222
78.000000,2224
79.000000,2224
80.000000,2223
81.000000,2217
82.000000,2232
83.000000,2236
84.000000,2235
85.000000,2235
86.000000,2237
87.000000,2229
88.000000,2243
89.000000,2234
90.000000,2248
91.000000,2246
92.000000,2250
93.000000,2243
94.000000,2261
95.000000,2248
96.000000,2258
97.000000,2261
98.000000,2266
99.000000,2267
100.000000,2266
101.000000,2254
102.000000,2267
103.000000,2273
104.000000,2276
105.000000,2276
106.000000,2281
107.000000,2279
108.000000,2280
109.000000,2282
110.000000,2287
111.000000,2284
112.000000,2289
113.000000,2293
114.000000,2296
115.000000,2297
116.000000,2298
117.000000,2301
118.000000,2301
119.000000,2307
120.000000,2306
121.000000,2305
122.000000,2305
123.000000,2308
124.000000,2308
125.000000,2308
126.000000,2309
127.000000,2309
128.000000,2312
129.000000,2316
130.000000,2313
131.000000,2316
132.000000,2317
133.000000,2318
134.000000,2321
135.000000,2327
136.000000,2332
137.000000,2332
138.000000,2318
139.000000,2329
140.000000,2334
141.000000,2334
142.000000,2339
143.000000,2342
144.000000,2341
145.000000,2339
146.000000,2344
147.000000,2347
148.000000,2349
149.000000,2351
150.000000,2354
151.000000,2356
152.000000,2357
153.000000,2361
154.000000,2365
155.000000,2365
156.000000,2353
157.000000,2364
158.000000,2369
159.000000,2371
160.000000,2374
161.000000,2375
162.000000,2377
163.000000,2377
164.000000,2376
165.000000,2379
166.000000,2381
167.000000,2383
168.000000,2385
169.000000,2386
170.000000,2387
171.000000,2389
172.000000,2393
173.000000,2392
174.000000,2393
175.000000,2395
176.000000,2397
177.000000,2396
178.000000,2399
179.000000,2401
180.000000,2399
181.000000,2403
182.000000,2405
183.000000,2403
184.000000,2405
185.000000,2404
186.000000,2404
187.000000,2404
188.000000,2404
189.000000,2405
190.000000,2411
191.000000,2412
192.000000,2414
193.000000,2414
194.000000,2418
195.000000,2419
196.000000,2421
197.000000,2425
198.000000,2428
199.000000,2427
200.000000,2427
201.000000,2429
202.000000,2430
203.000000,2433
204.000000,2435
205.000000,2439
206.000000,2437
207.000000,2442
208.000000,2448
209.000000,2442
210.000000,2445
211.000000,2451
212.000000,2452
213.000000,2452
214.000000,2453
215.000000,2454
216.000000,2462
217.000000,2466
218.000000,2464
219.000000,2465
220.000000,2464
221.000000,2453
222.000000,2466
223.000000,2469
224.000000,2468
225.000000,2463
226.000000,2477
227.000000,2478
228.000000,2480
229.000000,2482
230.000000,2474
231.000000,2485
232.000000,2485
233.000000,2485
234.000000,2488
235.000000,2486
236.000000,2495
237.000000,2500
238.000000,2499
239.000000,2498
240.000000,2496
241.000000,2498
242.000000,2492
243.000000,2500
244.000000,2501
245.000000,2503
246.000000,2506
247.000000,2504
248.000000,2503
249.000000,2510
250.000000,2511
251.000000,2513
252.000000,2514
253.000000,2514
254.000000,2516
255.000000,2520
256.000000,2519
257.000000,2526
258.000000,2525
259.000000,2529
260.000000,2531
261.000000,2534
262.000000,2535
263.000000,2534
264.000000,2536
265.000000,2539
266.000000,2544
267.000000,2541
268.000000,2542
269.000000,2544
270.000000,2549
271.000000,2549
272.000000,2555
273.000000,2559
274.000000,2558
275.000000,2558
276.000000,2564
277.000000,2564
278.000000,2568
279.000000,2567
280.000000,2567
281.000000,2569
282.000000,2571
283.000000,2575
284.000000,2580
285.000000,2581
286.000000,2585
287.000000,2583
288.000000,2588
289.000000,2587
290.000000,2591
291.000000,2593
292.000000,2596
293.000000,2597
294.000000,2597
295.000000,2601
296.000000,2601
297.000000,2603
298.000000,2604
299.000000,2587
300.000000,2606
301.000000,2607
302.000000,2608
303.000000,2609
304.000000,2605
305.000000,2608
306.000000,2598
307.000000,2610
308.000000,2615
309.000000,2618
310.000000,2621
311.000000,2607
312.000000,2619
313.000000,2609
314.000000,2621
315.000000,2617
316.000000,2629
317.000000,2633
318.000000,2636
319.000000,2637
320.000000,2629
321.000000,2639
322.000000,2641
323.000000,2643
324.000000,2645
325.000000,2632
326.000000,2643
327.000000,2647
328.000000,2650
329.000000,2649
330.000000,2655
331.000000,2651
332.000000,2658
333.000000,2661
334.000000,2662
335.000000,2666
336.000000,2667
337.000000,2666
338.000000,2668
339.000000,2670
340.000000,2669
341.000000,2675
342.000000,2676
343.000000,2677
344.000000,2679
345.000000,2682
346.000000,2688
347.000000,2687
348.000000,2688
349.000000,2689
350.000000,2692
351.000000,2690
352.000000,2693
353.000000,2693
354.000000,2695
355.000000,2693
356.000000,2694
357.000000,2696
358.000000,2702
359.000000,2702
360.000000,2706
361.000000,2708
362.000000,2707
363.000000,2710
364.000000,2707
365.000000,2708
366.000000,2710
367.000000,2712
368.000000,2711
369.000000,2709
370.000000,2714
371.000000,2718
372.000000,2717
373.000000,2723
374.000000,2721
375.000000,2726
376.000000,2729
377.000000,2730
378.000000,2730
379.000000,2734
380.000000,2732
381.000000,2733
382.000000,2735
383.000000,2745
384.000000,2744
385.000000,2743
386.000000,2744
387.000000,2745
388.000000,2750
389.000000,2751
390.000000,2751
391.000000,2755
392.000000,2751
393.000000,2760
394.000000,2762
395.000000,2767
396.000000,2769
397.000000,2770
398.000000,2764
399.000000,2772
400.000000,2774
401.000000,2773
402.000000,2778
403.000000,2778
404.000000,2779
405.000000,2784
406.000000,2782
407.000000,2775
408.000000,2792
409.000000,2786
410.000000,2777
411.000000,2795
412.000000,2798
413.000000,2800
414.000000,2802
415.000000,2802
416.000000,2804
417.000000,2805
418.000000,2806
419.000000,2785
420.000000,2812
421.000000,2810
422.000000,2814
423.000000,2817
424.000000,2818
425.000000,2816
426.000000,2804
427.000000,2814
428.000000,2816
429.000000,2813
430.000000,2798
431.000000,2818
432.000000,2826
433.000000,2819
434.000000,2830
435.000000,2830
436.000000,2835
437.000000,2838
438.000000,2842
439.000000,2845
440.000000,2837
441.000000,2844
442.000000,2849
443.000000,2850
444.000000,2851
445.000000,2835
446.000000,2854
447.000000,2855
448.000000,2862
449.000000,2863
450.000000,2864
451.000000,2858
452.000000,2866
453.000000,2872
454.000000,2875
455.000000,2878
456.000000,2876
457.000000,2869
458.000000,2883
459.000000,2882
460.000000,2882
461.000000,2884
462.000000,2882
463.000000,2886
464.000000,2891
465.000000,2894
466.000000,2900
467.000000,2901
468.000000,2903
469.000000,2903
470.000000,2897
471.000000,2904
472.000000,2912
473.000000,2913
474.000000,2912
475.000000,2903
476.000000,2915
477.000000,2920
478.000000,2918
479.000000,2922
480.000000,2922
481.000000,2922
482.000000,2922
483.000000,2928
484.000000,2925
485.000000,2926
486.000000,2929
487.000000,2925
488.000000,2930
489.000000,2933
490.000000,2933
491.000000,2938
492.000000,2942
493.000000,2947
494.000000,2952
495.000000,2950
496.000000,2951
497.000000,2951
498.000000,2946
499.000000,2955
500.000000,2955
501.000000,2956
502.000000,2961
503.000000,2963
504.000000,2953
505.000000,2965
506.000000,2967
507.000000,2966
508.000000,2967
509.000000,2957
510.000000,2973
511.000000,2975
512.000000,2978
513.000000,2979
514.000000,2982
515.000000,2982
516.000000,2977
517.000000,2984
518.000000,2984
519.000000,2987
520.000000,2991
521.000000,2995
522.000000,2990
523.000000,2995
524.000000,2998
525.000000,3002
526.000000,2999
527.000000,3003
528.000000,3006
529.000000,3006
530.000000,3009
531.000000,3013
532.000000,3012
533.000000,3014
534.000000,3014
535.000000,3013
536.000000,3014
537.000000,3016
538.000000,3017
539.000000,3019
540.000000,3019
541.000000,3026
542.000000,3027
543.000000,3029
544.000000,3023
545.000000,3026
546.000000,3026
547.000000,3026
548.000000,3030
549.000000,3029
550.000000,3033
551.000000,3035
552.000000,3037
553.000000,3040
554.000000,3041
555.000000,3045
556.000000,3045
557.000000,3046
558.000000,3050
559.000000,3053
560.000000,3054
561.000000,3059
562.000000,3058
563.000000,3056
564.000000,3061
565.000000,3066
566.000000,3066
567.000000,3063
568.000000,3067
569.000000,3065
570.000000,3070
571.000000,3061
572.000000,3074
573.000000,3075
574.000000,3077
575.000000,3079
576.000000,3074
577.000000,3084
578.000000,3085
579.000000,3086
580.000000,3088
581.000000,3085
582.000000,3093
583.000000,3096
584.000000,3095
585.000000,3080
586.000000,3098
587.000000,3095
588.000000,3103
589.000000,3106
590.000000,3098
591.000000,3109
592.000000,3112
593.000000,3113
594.000000,3116
595.000000,3112
596.000000,3115
597.000000,3118
598.000000,3122
599.000000,3124
600.000000,3126
601.000000,3124
602.000000,3120
603.000000,3126
604.000000,3128
605.000000,3128
606.000000,3129
607.000000,3129
608.000000,3132
609.000000,3133
610.000000,3133
611.000000,3136
612.000000,3138
613.000000,3140
614.000000,3143
615.000000,3147
616.000000,3146
617.000000,3149
618.000000,3158
619.000000,3155
620.000000,3160
621.000000,3161
622.000000,3162
623.000000,3163
624.000000,3165
625.000000,3165
626.000000,3165
627.000000,3166
628.000000,3176
629.000000,3175
630.000000,3175
631.000000,3180
632.000000,3182
633.000000,3181
634.000000,3186
635.000000,3189
636.000000,3191
637.000000,3191
638.000000,3189
639.000000,3193
640.000000,3193
641.000000,3196
642.000000,3200
643.000000,3202
644.000000,3204
645.000000,3202
646.000000,3208
647.000000,3210
648.000000,3210
649.000000,3215
650.000000,3214
651.000000,3216
652.000000,3218
653.000000,3218
654.000000,3217
655.000000,3221
656.000000,3222
657.000000,3224
658.000000,3226
659.000000,3231
660.000000,3231
661.000000,3236
662.000000,3236
663.000000,3232
664.000000,3235
665.000000,3236
666.000000,3236
667.000000,3233
668.000000,3238
669.000000,3238
670.000000,3239
671.000000,3236
672.000000,3243
673.000000,3241
674.000000,3247
675.000000,3243
676.000000,3253
677.000000,3254
678.000000,3259
679.000000,3260
680.000000,3249
681.000000,3268
682.000000,3270
683.000000,3269
684.000000,3270
685.000000,3269
686.000000,3269
687.000000,3273
688.000000,3274
689.000000,3273
690.000000,3278
691.000000,3274
692.000000,3284
693.000000,3290
694.000000,3290
695.000000,3292
696.000000,3295
697.000000,3292
698.000000,3295
699.000000,3297
700.000000,3299
701.000000,3299
702.000000,3304
703.000000,3301
704.000000,3302
705.000000,3306
706.000000,3308
707.000000,3311
708.000000,3313
709.000000,3316
710.000000,3317
711.000000,3319
712.000000,3321
713.000000,3319
714.000000,3325
715.000000,3328
716.000000,3329
717.000000,3331
718.000000,3329
719.000000,3330
720.000000,3330
721.000000,3328
720.000000,3332
719.000000,3337
718.000000,3335
717.000000,3333
716.000000,3334
715.000000,3336
714.000000,3336
713.000000,3335
712.000000,3335
711.000000,3334
710.000000,3332
709.000000,3333
708.000000,3333
707.000000,3333
706.000000,3332
705.000000,3330
704.000000,3330
703.000000,3332
702.000000,3330
701.000000,3329
700.000000,3331
699.000000,3328
698.000000,3332
697.000000,3332
696.000000,3330
695.000000,3328
694.000000,3330
693.000000,3327
692.000000,3329
691.000000,3327
690.000000,3328
689.000000,3317
688.000000,3322
687.000000,3321
686.000000,3319
685.000000,3317
684.000000,3317
683.000000,3300
682.000000,3315
681.000000,3313
680.000000,3310
679.000000,3310
678.000000,3303
677.000000,3304
676.000000,3302
675.000000,3304
674.000000,3302
673.000000,3300
672.000000,3295
671.000000,3294
670.000000,3293
669.000000,3291
668.000000,3290
667.000000,3293
666.000000,3289
665.000000,3287
664.000000,3282
663.000000,3277
662.000000,3275
661.000000,3275
660.000000,3276
659.000000,3274
658.000000,3271
657.000000,3274
656.000000,3274
655.000000,3272
654.000000,3273
653.000000,3269
652.000000,3268
651.000000,3271
650.000000,3270
649.000000,3270
648.000000,3267
647.000000,3260
646.000000,3260
645.000000,3255
644.000000,3254
643.000000,3247
642.000000,3245
641.000000,3247
640.000000,3246
639.000000,3245
638.000000,3247
637.000000,3243
636.000000,3238
635.000000,3239
634.000000,3238
633.000000,3234
632.000000,3234
631.000000,3234
630.000000,3225
629.000000,3219
628.000000,3220
627.000000,3218
626.000000,3218
625.000000,3217
624.000000,3213
623.000000,3216
622.000000,3213
621.000000,3211
620.000000,3207
619.000000,3206
618.000000,3207
617.000000,3204
616.000000,3199
615.000000,3197
614.000000,3197
613.000000,3194
612.000000,3189
611.000000,3187
610.000000,3187
609.000000,3188
608.000000,3186
607.000000,3183
606.000000,3180
605.000000,3180
604.000000,3177
603.000000,3176
602.000000,3175
601.000000,3168
600.000000,3166
599.000000,3166
598.000000,3168
597.000000,3162
596.000000,3165
595.000000,3164
594.000000,3165
593.000000,3156
592.000000,3162
591.000000,3162
590.000000,3159
589.000000,3156
588.000000,3146
587.000000,3151
586.000000,3146
585.000000,3146
584.000000,3140
583.000000,3142
582.000000,3138
581.000000,3139
580.000000,3138
579.000000,3130
578.000000,3131
577.000000,3132
576.000000,3130
575.000000,3134
574.000000,3119
573.000000,3127
572.000000,3126
571.000000,3124
570.000000,3121
569.000000,3103
568.000000,3114
567.000000,3116
566.000000,3111
565.000000,3112
564.000000,3113
563.000000,3110
562.000000,3109
561.000000,3106
560.000000,3103
559.000000,3105
558.000000,3102
557.000000,3099
556.000000,3098
555.000000,3096
554.000000,3093
553.000000,3093
552.000000,3091
551.000000,3089
550.000000,3085
549.000000,3085
548.000000,3083
547.000000,3081
546.000000,3080
545.000000,3078
544.000000,3077
543.000000,3071
542.000000,3068
541.000000,3068
540.000000,3067
539.000000,3066
538.000000,3067
537.000000,3066
536.000000,3065
535.000000,3064
534.000000,3066
533.000000,3065
532.000000,3066
531.000000,3058
530.000000,3057
529.000000,3053
528.000000,3055
527.000000,3053
526.000000,3050
525.000000,3044
524.000000,3044
523.000000,3043
522.000000,3040
521.000000,3040
520.000000,3040
519.000000,3037
518.000000,3038
517.000000,3036
516.000000,3033
515.000000,3032
514.000000,3025
513.000000,3028
512.000000,3025
511.000000,3021
510.000000,3020
509.000000,3015
508.000000,3010
507.000000,3013
506.000000,3013
505.000000,3013
504.000000,3013
503.000000,3010
502.000000,2997
501.000000,3007
500.000000,3002
499.000000,3002
498.000000,3003
497.000000,3001
496.000000,2992
495.000000,2984
494.000000,2974
493.000000,2990
492.000000,2973
491.000000,2984
490.000000,2986
489.000000,2982
488.000000,2981
487.000000,2979
486.000000,2972
485.000000,2971
484.000000,2952
483.000000,2965
482.000000,2967
481.000000,2968
480.000000,2952
479.000000,2964
478.000000,2967
477.000000,2967
476.000000,2963
475.000000,2960
474.000000,2961
473.000000,2942
472.000000,2962
471.000000,2965
470.000000,2959
469.000000,2954
468.000000,2951
467.000000,2954
466.000000,2945
465.000000,2946
464.000000,2947
463.000000,2946
462.000000,2942
461.000000,2940
460.000000,2931
459.000000,2936
458.000000,2937
457.000000,2933
456.000000,2932
455.000000,2920
454.000000,2927
453.000000,2928
452.000000,2923
451.000000,2923
450.000000,2921
449.000000,2913
448.000000,2912
447.000000,2915
446.000000,2907
445.000000,2906
444.000000,2901
443.000000,2891
442.000000,2904
441.000000,2902
440.000000,2901
439.000000,2899
438.000000,2889
437.000000,2889
436.000000,2889
435.000000,2887
434.000000,2885
433.000000,2883
432.000000,2882
431.000000,2878
430.000000,2875
429.000000,2865
428.000000,2847
427.000000,2856
426.000000,2861
425.000000,2861
424.000000,2852
423.000000,2861
422.000000,2858
421.000000,2858
420.000000,2853
419.000000,2853
418.000000,2850
417.000000,2830
416.000000,2834
415.000000,2847
414.000000,2846
413.000000,2848
412.000000,2847
411.000000,2847
410.000000,2844
409.000000,2844
408.000000,2820
407.000000,2835
406.000000,2832
405.000000,2831
404.000000,2830
403.000000,2809
402.000000,2820
401.000000,2823
400.000000,2823
399.000000,2821
398.000000,2823
397.000000,2820
396.000000,2810
395.000000,2813
394.000000,2810
393.000000,2809
392.000000,2809
391.000000,2794
390.000000,2802
389.000000,2801
388.000000,2799
387.000000,2796
386.000000,2794
385.000000,2789
384.000000,2787
383.000000,2787
382.000000,2788
381.000000,2786
380.000000,2784
379.000000,2784
378.000000,2781
377.000000,2781
376.000000,2780
375.000000,2776
374.000000,2774
373.000000,2773
372.000000,2771
371.000000,2769
370.000000,2768
369.000000,2761
368.000000,2759
367.000000,2759
366.000000,2759
365.000000,2753
364.000000,2749
363.000000,2750
362.000000,2750
361.000000,2750
360.000000,2750
359.000000,2747
358.000000,2747
357.000000,2746
356.000000,2744
355.000000,2743
354.000000,2743
353.000000,2740
352.000000,2737
351.000000,2735
350.000000,2733
349.000000,2736
348.000000,2731
347.000000,2731
346.000000,2728
345.000000,2724
344.000000,2722
343.000000,2722
342.000000,2717
341.000000,2718
340.000000,2715
339.000000,2717
338.000000,2715
337.000000,2711
336.000000,2708
335.000000,2708
334.000000,2708
333.000000,2705
332.000000,2702
331.000000,2701
330.000000,2694
329.000000,2683
328.000000,2691
327.000000,2692
326.000000,2693
325.000000,2690
324.000000,2685
323.000000,2668
322.000000,2684
321.000000,2682
320.000000,2682
319.000000,2677
318.000000,2662
317.000000,2671
316.000000,2673
315.000000,2671
314.000000,2667
313.000000,2666
312.000000,2665
311.000000,2661
310.000000,2658
309.000000,2645
308.000000,2657
307.000000,2655
306.000000,2650
305.000000,2648
304.000000,2635
303.000000,2648
302.000000,2646
301.000000,2647
300.000000,2646
299.000000,2644
298.000000,2641
297.000000,2640
296.000000,2641
295.000000,2640
294.000000,2640
293.000000,2638
292.000000,2638
291.000000,2638
290.000000,2633
289.000000,2630
288.000000,2628
287.000000,2627
286.000000,2625
285.000000,2623
284.000000,2621
283.000000,2620
282.000000,2621
281.000000,2619
280.000000,2617
279.000000,2615
278.000000,2612
277.000000,2610
276.000000,2606
275.000000,2607
274.000000,2604
273.000000,2602
272.000000,2600
271.000000,2596
270.000000,2595
269.000000,2594
268.000000,2592
267.000000,2584
266.000000,2585
265.000000,2583
264.000000,2580
263.000000,2581
262.000000,2582
261.000000,2575
260.000000,2573
259.000000,2568
258.000000,2567
257.000000,2566
256.000000,2566
255.000000,2566
254.000000,2563
253.000000,2559
252.000000,2558
251.000000,2556
250.000000,2550
249.000000,2549
248.000000,2546
247.000000,2545
246.000000,2543
245.000000,2544
244.000000,2543
243.000000,2542
242.000000,2537
241.000000,2539
240.000000,2537
239.000000,2534
238.000000,2534
237.000000,2535
236.000000,2534
235.000000,2533
234.000000,2532
233.000000,2518
232.000000,2526
231.000000,2528
230.000000,2523
229.000000,2522
228.000000,2516
227.000000,2518
226.000000,2506
225.000000,2515
224.000000,2503
223.000000,2511
222.000000,2508
221.000000,2509
220.000000,2507
219.000000,2490
218.000000,2498
217.000000,2500
216.000000,2499
215.000000,2500
214.000000,2497
213.000000,2489
212.000000,2490
211.000000,2492
210.000000,2485
209.000000,2487
208.000000,2471
207.000000,2481
206.000000,2478
205.000000,2478
204.000000,2480
203.000000,2478
202.000000,2475
201.000000,2472
200.000000,2468
199.000000,2467
198.000000,2465
197.000000,2467
196.000000,2466
195.000000,2463
194.000000,2464
193.000000,2462
192.000000,2459
191.000000,2456
190.000000,2453
189.000000,2445
188.000000,2441
187.000000,2444
186.000000,2445
185.000000,2439
184.000000,2437
183.000000,2434
182.000000,2434
181.000000,2436
180.000000,2436
179.000000,2435
178.000000,2434
177.000000,2432
176.000000,2429
175.000000,2429
174.000000,2429
173.000000,2427
172.000000,2427
171.000000,2427
170.000000,2423
169.000000,2425
168.000000,2423
167.000000,2419
166.000000,2416
165.000000,2412
164.000000,2411
163.000000,2412
162.000000,2407
161.000000,2409
160.000000,2407
159.000000,2404
158.000000,2403
157.000000,2404
156.000000,2400
155.000000,2398
154.000000,2380
153.000000,2397
152.000000,2395
151.000000,2392
150.000000,2393
149.000000,2390
148.000000,2386
147.000000,2388
146.000000,2381
145.000000,2381
144.000000,2378
143.000000,2376
142.000000,2375
141.000000,2377
140.000000,2377
139.000000,2378
138.000000,2374
137.000000,2370
136.000000,2356
135.000000,2365
134.000000,2364
133.000000,2363
132.000000,2360
131.000000,2358
130.000000,2354
129.000000,2352
128.000000,2352
127.000000,2349
126.000000,2345
125.000000,2344
124.000000,2345
123.000000,2345
122.000000,2342
121.000000,2338
120.000000,2335
119.000000,2333
118.000000,2333
117.000000,2329
116.000000,2330
115.000000,2331
114.000000,2335
113.000000,2332
112.000000,2330
111.000000,2329
110.000000,2327
109.000000,2329
108.000000,2325
107.000000,2322
106.000000,2318
105.000000,2314
104.000000,2311
103.000000,2313
102.000000,2312
101.000000,2310
100.000000,2303
99.000000,2291
98.000000,2305
97.000000,2308
96.000000,2300
95.000000,2299
94.000000,2297
93.000000,2283
92.000000,2291
91.000000,2277
90.000000,2287
89.000000,2286
88.000000,2276
87.000000,2276
86.000000,2284
85.000000,2267
84.000000,2271
83.000000,2273
82.000000,2274
81.000000,2269
80.000000,2269
79.000000,2253
78.000000,2264
77.000000,2262
76.000000,2261
75.000000,2259
74.000000,2259
73.000000,2261
72.000000,2253
71.000000,2245
70.000000,2245
69.000000,2242
68.000000,2244
67.000000,2236
66.000000,2235
65.000000,2233
64.000000,2232
63.000000,2230
62.000000,2234
61.000000,2229
60.000000,2223
59.000000,2225
58.000000,2225
57.000000,2223
56.000000,2223
55.000000,2220
54.000000,2222
53.000000,2222
52.000000,2219
51.000000,2219
50.000000,2214
49.000000,2214
48.000000,2212
47.000000,2209
46.000000,2203
45.000000,2205
44.000000,2200
43.000000,2198
42.000000,2200
41.000000,2194
40.000000,2192
39.000000,2192
38.000000,2193
37.000000,2190
36.000000,2185
35.000000,2185
34.000000,2184
33.000000,2182
32.000000,2180
31.000000,2179
30.000000,2177
29.000000,2175
28.000000,2172
27.000000,2169
26.000000,2166
25.000000,2164
24.000000,2159
23.000000,2161
22.000000,2160
21.000000,2157
20.000000,2156
19.000000,2155
18.000000,2148
17.000000,2152
16.000000,2150
15.000000,2154
14.000000,2153
13.000000,2145
12.000000,2141
11.000000,2137
10.000000,2132
9.000000,2130
8.000000,2130
7.000000,2143
6.000000,2129
5.000000,2134
4.000000,2124
3.000000,2128
2.000000,2102
1.000000,2134
0.000000,2121
-1.000000,2124
-2.000000,2117
-3.000000,2123
-4.000000,2109
-5.000000,2126
-6.000000,2131
-7.000000,2129
-8.000000,2110
-9.000000,2111
-10.000000,2121
-11.000000,2112
-12.000000,2112
-13.000000,2106
-14.000000,2094
-15.000000,2105
-16.000000,2104
-17.000000,2099
-18.000000,2097
-19.000000,2097
-20.000000,2109
-21.000000,2107
-22.000000,2087
-23.000000,2083
-24.000000,2072
-25.000000,2078
-26.000000,2080
-27.000000,2077
-28.000000,2072
-29.000000,2069
-30.000000,2062
-31.000000,2066
-32.000000,2064
-33.000000,2059
-34.000000,2058
-35.000000,2056
-36.000000,2054
-37.000000,2053
-38.000000,2051
-39.000000,2050
-40.000000,2047
-41.000000,2061
-42.000000,2058
-43.000000,2053
-44.000000,2044
-45.000000,2032
-46.000000,2029
-47.000000,2027
-48.000000,2025
-49.000000,2023
-50.000000,2022
-51.000000,2021
-52.000000,2019
-53.000000,2015
-54.000000,2012
-55.000000,2014
-56.000000,2013
-57.000000,2012
-58.000000,2009
-59.000000,2007
-60.000000,2009
-61.000000,2009
-62.000000,2006
-63.000000,2007
-64.000000,2006
-65.000000,2006
-66.000000,2004
-67.000000,2000
-68.000000,2001
-69.000000,1996
-70.000000,1992
-71.000000,1992
-72.000000,1991
-73.000000,1985
-74.000000,1984
-75.000000,1987
-76.000000,1983
-77.000000,1984
-78.000000,1980
-79.000000,1980
-80.000000,1973
-81.000000,1975
-82.000000,1974
-83.000000,1969
-84.000000,1971
-85.000000,1969
-86.000000,1967
-87.000000,1966
-88.000000,1964
-89.000000,1959
-90.000000,1947
-91.000000,1952
-92.000000,1950
-93.000000,1951
-94.000000,1946
-95.000000,1943
-96.000000,1940
-97.000000,1940
-98.000000,1936
-99.000000,1938
-100.000000,1938
-101.000000,1937
-102.000000,1935
-103.000000,1929
-104.000000,1929
-105.000000,1922
-106.000000,1919
-107.000000,1912
-108.000000,1933
-109.000000,1934
-110.000000,1931
-111.000000,1927
-112.000000,1924
-113.000000,1914
-114.000000,1917
-115.000000,1915
-116.000000,1937
-117.000000,1913
-118.000000,1901
-119.000000,1898
-120.000000,1893
-121.000000,1892
-122.000000,1892
-123.000000,1890
-124.000000,1889
-125.000000,1895
-126.000000,1893
-127.000000,1896
-128.000000,1892
-129.000000,1888
-130.000000,1889
-131.000000,1885
-132.000000,1880
-133.000000,1873
-134.000000,1871
-135.000000,1858
-136.000000,1868
-137.000000,1869
-138.000000,1869
-139.000000,1866
-140.000000,1862
-141.000000,1858
-142.000000,1860
-143.000000,1856
-144.000000,1855
-145.000000,1851
-146.000000,1851
-147.000000,1848
-148.000000,1844
-149.000000,1843
-150.000000,1824
-151.000000,1838
-152.000000,1839
-153.000000,1835
-154.000000,1830
-155.000000,1825
-156.000000,1827
-157.000000,1826
-158.000000,1822
-159.000000,1816
-160.000000,1824
-161.000000,1820
-162.000000,1816
-163.000000,1813
-164.000000,1805
-165.000000,1798
-166.000000,1806
-167.000000,1805
-168.000000,1803
-169.000000,1803
-170.000000,1800
-171.000000,1795
-172.000000,1798
-173.000000,1792
-174.000000,1791
-175.000000,1788
-176.000000,1788
-177.000000,1787
-178.000000,1789
-179.000000,1783
-180.000000,1782
-181.000000,1783
-182.000000,1781
-183.000000,1780
-184.000000,1779
-185.000000,1778
-186.000000,1777
-187.000000,1777
-188.000000,1777
-189.000000,1774
-190.000000,1774
-191.000000,1770
-192.000000,1769
-193.000000,1766
-194.000000,1761
-195.000000,1759
-196.000000,1755
-197.000000,1752
-198.000000,1751
-199.000000,1759
-200.000000,1759
-201.000000,1758
-202.000000,1759
-203.000000,1758
-204.000000,1753
-205.000000,1748
-206.000000,1749
-207.000000,1743
-208.000000,1742
-209.000000,1735
-210.000000,1732
-211.000000,1730
-212.000000,1734
-213.000000,1735
-214.000000,1734
-215.000000,1729
-216.000000,1728
-217.000000,1724
-218.000000,1723
-219.000000,1723
-220.000000,1717
-221.000000,1718
-222.000000,1707
-223.000000,1703
-224.000000,1701
-225.000000,1701
-226.000000,1697
-227.000000,1698
-228.000000,1697
-229.000000,1690
-230.000000,1689
-231.000000,1676
-232.000000,1689
-233.000000,1685
-234.000000,1685
-235.000000,1684
-236.000000,1682
-237.000000,1675
-238.000000,1678
-239.000000,1678
-240.000000,1669
-241.000000,1670
-242.000000,1666
-243.000000,1670
-244.000000,1673
-245.000000,1672
-246.000000,1670
-247.000000,1666
-248.000000,1664
-249.000000,1665
-250.000000,1664
-251.000000,1650
-252.000000,1661
-253.000000,1653
-254.000000,1651
-255.000000,1651
-256.000000,1665
-257.000000,1652
-258.000000,1650
-259.000000,1647
-260.000000,1647
-261.000000,1646
-262.000000,1644
-263.000000,1639
-264.000000,1643
-265.000000,1641
-266.000000,1641
-267.000000,1633
-268.000000,1634
-269.000000,1624
-270.000000,1621
-271.000000,1626
-272.000000,1621
-273.000000,1622
-274.000000,1618
-275.000000,1616
-276.000000,1613
-277.000000,1610
-278.000000,1613
-279.000000,1613
-280.000000,1610
-281.000000,1610
-282.000000,1608
-283.000000,1607
-284.000000,1601
-285.000000,1592
-286.000000,1590
-287.000000,1589
-288.000000,1582
-289.000000,1583
-290.000000,1580
-291.000000,1580
-292.000000,1576
-293.000000,1575
-294.000000,1574
-295.000000,1572
-296.000000,1570
-297.000000,1568
-298.000000,1565
-299.000000,1562
-300.000000,1563
-301.000000,1564
-302.000000,1562
-303.000000,1562
-304.000000,1561
-305.000000,1558
-306.000000,1557
-307.000000,1558
-308.000000,1556
-309.000000,1550
-310.000000,1550
-311.000000,1547
-312.000000,1545
-313.000000,1544
-314.000000,1547
-315.000000,1534
-316.000000,1532
-317.000000,1531
-318.000000,1530
-319.000000,1531
-320.000000,1531
-321.000000,1530
-322.000000,1528
-323.000000,1527
-324.000000,1525
-325.000000,1524
-326.000000,1520
-327.000000,1519
-328.000000,1516
-329.000000,1512
-330.000000,1515
-331.000000,1514
-332.000000,1490
-333.000000,1507
-334.000000,1506
-335.000000,1503
-336.000000,1501
-337.000000,1496
-338.000000,1491
-339.000000,1501
-340.000000,1498
-341.000000,1496
-342.000000,1491
-343.000000,1476
-344.000000,1487
-345.000000,1492
-346.000000,1487
-347.000000,1482
-348.000000,1476
-349.000000,1474
-350.000000,1474
-351.000000,1476
-352.000000,1474
-353.000000,1475
-354.000000,1472
-355.000000,1470
-356.000000,1466
-357.000000,1466
-358.000000,1464
-359.000000,1463
-360.000000,1462
-361.000000,1458
-362.000000,1459
-363.000000,1456
-364.000000,1457
-365.000000,1456
-366.000000,1456
-367.000000,1457
-368.000000,1457
-369.000000,1456
-370.000000,1453
-371.000000,1451
-372.000000,1451
-373.000000,1444
-374.000000,1446
-375.000000,1443
-376.000000,1440
-377.000000,1438
-378.000000,1437
-379.000000,1434
-380.000000,1432
-381.000000,1431
-382.000000,1429
-383.000000,1425
-384.000000,1428
-385.000000,1427
-386.000000,1426
-387.000000,1426
-388.000000,1423
-389.000000,1420
-390.000000,1417
-391.000000,1409
-392.000000,1411
-393.000000,1412
-394.000000,1408
-395.000000,1407
-396.000000,1401
-397.000000,1388
-398.000000,1403
-399.000000,1403
-400.000000,1398
-401.000000,1395
-402.000000,1387
-403.000000,1394
-404.000000,1391
-405.000000,1388
-406.000000,1385
-407.000000,1385
-408.000000,1383
-409.000000,1379
-410.000000,1379
-411.000000,1370
-412.000000,1377
-413.000000,1371
-414.000000,1369
-415.000000,1369
-416.000000,1361
-417.000000,1365
-418.000000,1363
-419.000000,1362
-420.000000,1361
-421.000000,1360
-422.000000,1359
-423.000000,1347
-424.000000,1363
-425.000000,1360
-426.000000,1358
-427.000000,1359
-428.000000,1358
-429.000000,1351
-430.000000,1348
-431.000000,1349
-432.000000,1350
-433.000000,1345
-434.000000,1343
-435.000000,1341
-436.000000,1338
-437.000000,1337
-438.000000,1334
-439.000000,1331
-440.000000,1329
-441.000000,1327
-442.000000,1325
-443.000000,1327
-444.000000,1323
-445.000000,1321
-446.000000,1321
-447.000000,1322
-448.000000,1314
-449.000000,1308
-450.000000,1309
-451.000000,1305
-452.000000,1304
-453.000000,1301
-454.000000,1301
-455.000000,1300
-456.000000,1301
-457.000000,1296
-458.000000,1293
-459.000000,1291
-460.000000,1293
-461.000000,1290
-462.000000,1289
-463.000000,1288
-464.000000,1289
-465.000000,1281
-466.000000,1279
-467.000000,1276
-468.000000,1277
-469.000000,1270
-470.000000,1270
-471.000000,1272
-472.000000,1272
-473.000000,1270
-474.000000,1269
-475.000000,1265
-476.000000,1266
-477.000000,1261
-478.000000,1257
-479.000000,1254
-480.000000,1257
-481.000000,1251
-482.000000,1249
-483.000000,1249
-484.000000,1247
-485.000000,1248
-486.000000,1237
-487.000000,1250
-488.000000,1249
-489.000000,1248
-490.000000,1249
-491.000000,1240
-492.000000,1243
-493.000000,1228
-494.000000,1234
-495.000000,1233
-496.000000,1231
-497.000000,1233
-498.000000,1231
-499.000000,1218
-500.000000,1224
-501.000000,1224
-502.000000,1224
-503.000000,1223
-504.000000,1219
-505.000000,1213
-506.000000,1214
-507.000000,1215
-508.000000,1213
-509.000000,1215
-510.000000,1212
-511.000000,1211
-512.000000,1203
-513.000000,1202
-514.000000,1202
-515.000000,1201
-516.000000,1203
-517.000000,1197
-518.000000,1195
-519.000000,1194
-520.000000,1193
-521.000000,1190
-522.000000,1191
-523.000000,1190
-524.000000,1187
-525.000000,1184
-526.000000,1183
-527.000000,1183
-528.000000,1181
-529.000000,1177
-530.000000,1175
-531.000000,1174
-532.000000,1169
-533.000000,1169
-534.000000,1171
-535.000000,1167
-536.000000,1166
-537.000000,1163
-538.000000,1161
-539.000000,1159
-540.000000,1169
-541.000000,1160
-542.000000,1156
-543.000000,1158
-544.000000,1157
-545.000000,1153
-546.000000,1152
-547.000000,1151
-548.000000,1151
-549.000000,1148
-550.000000,1146
-551.000000,1148
-552.000000,1142
-553.000000,1144
-554.000000,1146
-555.000000,1141
-556.000000,1138
-557.000000,1136
-558.000000,1134
-559.000000,1134
-560.000000,1130
-561.000000,1128
-562.000000,1124
-563.000000,1125
-564.000000,1123
-565.000000,1123
-566.000000,1119
-567.000000,1116
-568.000000,1106
-569.000000,1113
-570.000000,1090
-571.000000,1106
-572.000000,1103
-573.000000,1100
-574.000000,1087
-575.000000,1102
-576.000000,1101
-577.000000,1098
-578.000000,1096
-579.000000,1085
-580.000000,1086
-581.000000,1086
-582.000000,1086
-583.000000,1081
-584.000000,1081
-585.000000,1078
-586.000000,1073
-587.000000,1063
-588.000000,1071
-589.000000,1067
-590.000000,1049
-591.000000,1070
-592.000000,1066
-593.000000,1064
-594.000000,1061
-595.000000,1055
-596.000000,1054
-597.000000,1051
-598.000000,1048
-599.000000,1026
-600.000000,1044
-601.000000,1047
-602.000000,1047
-603.000000,1046
-604.000000,1044
-605.000000,1027
-606.000000,1042
-607.000000,1044
-608.000000,1040
-609.000000,1038
-610.000000,1023
-611.000000,1033
-612.000000,1032
-613.000000,1026
-614.000000,1026
-615.000000,1024
-616.000000,1024
-617.000000,1020
-618.000000,1018
-619.000000,1010
-620.000000,1017
-621.000000,1011
-622.000000,1014
-623.000000,1013
-624.000000,997
-625.000000,1006
-626.000000,1005
-627.000000,1001
-628.000000,999
-629.000000,987
-630.000000,987
-631.000000,993
-632.000000,981
-633.000000,990
-634.000000,988
-635.000000,984
-636.000000,978
-637.000000,975
-638.000000,975
-639.000000,977
-640.000000,975
-641.000000,970
-642.000000,968
-643.000000,957
-644.000000,966
-645.000000,966
-646.000000,962
-647.000000,958
-648.000000,956
-649.000000,953
-650.000000,928
-651.000000,943
-652.000000,926
-653.000000,943
-654.000000,940
-655.000000,940
-656.000000,940
-657.000000,931
-658.000000,939
-659.000000,932
-660.000000,931
-661.000000,929
-662.000000,926
-663.000000,926
-664.000000,920
-665.000000,930
-666.000000,929
-667.000000,929
-668.000000,929
-669.000000,929
-670.000000,922
-671.000000,910
-672.000000,917
-673.000000,916
-674.000000,906
-675.000000,911
-676.000000,901
-677.000000,907
-678.000000,908
-679.000000,909
-680.000000,907
-681.000000,903
-682.000000,897
-683.000000,895
-684.000000,896
-685.000000,894
-686.000000,896
-687.000000,891
-688.000000,888
-689.000000,887
-690.000000,887
-691.000000,884
-692.000000,882
-693.000000,878
-694.000000,873
-695.000000,870
-696.000000,876
-697.000000,872
-698.000000,868
-699.000000,866
-700.000000,869
-701.000000,867
-702.000000,867
-703.000000,865
-704.000000,860
-705.000000,858
-706.000000,854
-707.000000,857
-708.000000,853
-709.000000,849
-710.000000,850
-711.000000,853
-712.000000,847
-713.000000,849
-714.000000,846
-715.000000,842
-716.000000,844
-717.000000,840
-718.000000,838
-719.000000,836
-720.000000,835
-721.000000,835
-720.000000,836
-719.000000,835
-718.000000,836
-717.000000,834
-716.000000,836
-715.000000,836
-714.000000,834
-713.000000,835
-712.000000,836
-711.000000,834
-710.000000,832
-709.000000,834
-708.000000,834
-707.000000,835
-706.000000,832
-705.000000,835
-704.000000,834
-703.000000,836
-702.000000,836
-701.000000,834
-700.000000,835
-699.000000,838
-698.000000,838
-697.000000,839
-696.000000,843
-695.000000,845
-694.000000,847
-693.000000,847
-692.000000,848
-691.000000,852
-690.000000,849
-689.000000,856
-688.000000,854
-687.000000,851
-686.000000,857
-685.000000,863
-684.000000,867
-683.000000,862
-682.000000,863
-681.000000,862
-680.000000,867
-679.000000,871
-678.000000,867
-677.000000,876
-676.000000,875
-675.000000,877
-674.000000,881
-673.000000,880
-672.000000,886
-671.000000,889
-670.000000,886
-669.000000,878
-668.000000,891
-667.000000,890
-666.000000,894
-665.000000,893
-664.000000,899
-663.000000,901
-662.000000,895
-661.000000,902
-660.000000,904
-659.000000,886
-658.000000,905
-657.000000,902
-656.000000,909
-655.000000,902
-654.000000,909
-653.000000,909
-652.000000,911
-651.000000,915
-650.000000,900
-649.000000,911
-648.000000,899
-647.000000,923
-646.000000,926
-645.000000,922
-644.000000,927
-643.000000,931
-642.000000,934
-641.000000,923
-640.000000,940
-639.000000,941
-638.000000,942
-637.000000,945
-636.000000,942
-635.000000,939
-634.000000,943
-633.000000,948
-632.000000,949
-631.000000,953
-630.000000,953
-629.000000,963
-628.000000,961
-627.000000,967
-626.000000,972
-625.000000,972
-624.000000,971
-623.000000,970
-622.000000,964
-621.000000,979
-620.000000,979
-619.000000,981
-618.000000,984
-617.000000,977
-616.000000,986
-615.000000,993
-614.000000,993
-613.000000,995
-612.000000,996
-611.000000,998
-610.000000,999
-609.000000,993
-608.000000,987
-607.000000,1006
-606.000000,1011
-605.000000,1014
-604.000000,1012
-603.000000,1002
-602.000000,1015
-601.000000,1015
-600.000000,1018
-599.000000,1019
-598.000000,1021
-597.000000,1002
-596.000000,1009
-595.000000,1021
-594.000000,1022
-593.000000,1025
-592.000000,1027
-591.000000,1026
-590.000000,1030
-589.000000,1033
-588.000000,1020
-587.000000,1042
-586.000000,1042
-585.000000,1044
-584.000000,1035
-583.000000,1045
-582.000000,1048
-581.000000,1049
-580.000000,1051
-579.000000,1054
-578.000000,1041
-577.000000,1055
-576.000000,1059
-575.000000,1061
-574.000000,1068
-573.000000,1068
-572.000000,1053
-571.000000,1073
-570.000000,1071
-569.000000,1078
-568.000000,1078
-567.000000,1080
-566.000000,1070
-565.000000,1082
-564.000000,1085
-563.000000,1087
-562.000000,1091
-561.000000,1097
-560.000000,1097
-559.000000,1100
-558.000000,1099
-557.000000,1103
-556.000000,1105
-555.000000,1101
-554.000000,1110
-553.000000,1112
-552.000000,1117
-551.000000,1118
-550.000000,1119
-549.000000,1119
-548.000000,1126
-547.000000,1124
-546.000000,1126
-545.000000,1125
-544.000000,1126
-543.000000,1129
-542.000000,1131
-541.000000,1130
-540.000000,1148
-539.000000,1134
-538.000000,1136
-537.000000,1138
-536.000000,1139
-535.000000,1137
-534.000000,1138
-533.000000,1141
-532.000000,1144
-531.000000,1145
-530.000000,1145
-529.000000,1144
-528.000000,1147
-527.000000,1149
-526.000000,1149
-525.000000,1151
-524.000000,1153
-523.000000,1158
-522.000000,1160
-521.000000,1162
-520.000000,1160
-519.000000,1161
-518.000000,1164
-517.000000,1167
-516.000000,1168
-515.000000,1167
-514.000000,1172
-513.000000,1175
-512.000000,1175
-511.000000,1181
-510.000000,1180
-509.000000,1184
-508.000000,1184
-507.000000,1185
-506.000000,1190
-505.000000,1189
-504.000000,1191
-503.000000,1188
-502.000000,1189
-501.000000,1195
-500.000000,1195
-499.000000,1202
-498.000000,1201
-497.000000,1202
-496.000000,1205
-495.000000,1203
-494.000000,1208
-493.000000,1209
-492.000000,1213
-491.000000,1214
-490.000000,1213
-489.000000,1207
-488.000000,1218
-487.000000,1222
-486.000000,1223
-485.000000,1224
-484.000000,1223
-483.000000,1228
-482.000000,1229
-481.000000,1232
-480.000000,1233
-479.000000,1233
-478.000000,1234
-477.000000,1228
-476.000000,1233
-475.000000,1232
-474.000000,1235
-473.000000,1235
-472.000000,1240
-471.000000,1239
-470.000000,1242
-469.000000,1244
-468.000000,1248
-467.000000,1250
-466.000000,1249
-465.000000,1253
-464.000000,1257
-463.000000,1260
-462.000000,1264
-461.000000,1269
-460.000000,1267
-459.000000,1269
-458.000000,1268
-457.000000,1269
-456.000000,1270
-455.000000,1270
-454.000000,1271
-453.000000,1274
-452.000000,1277
-451.000000,1277
-450.000000,1277
-449.000000,1285
-448.000000,1289
-447.000000,1291
-446.000000,1290
-445.000000,1291
-444.000000,1290
-443.000000,1293
-442.000000,1298
-441.000000,1297
-440.000000,1301
-439.000000,1301
-438.000000,1300
-437.000000,1304
-436.000000,1305
-435.000000,1309
-434.000000,1309
-433.000000,1310
-432.000000,1315
-431.000000,1319
-430.000000,1322
-429.000000,1324
-428.000000,1325
-427.000000,1329
-426.000000,1327
-425.000000,1332
-424.000000,1335
-423.000000,1332
-422.000000,1337
-421.000000,1324
-420.000000,1338
-419.000000,1340
-418.000000,1340
-417.000000,1342
-416.000000,1342
-415.000000,1344
-414.000000,1338
-413.000000,1343
-412.000000,1348
-411.000000,1348
-410.000000,1349
-409.000000,1345
-408.000000,1354
-407.000000,1350
-406.000000,1358
-405.000000,1360
-404.000000,1359
-403.000000,1364
-402.000000,1370
-401.000000,1368
-400.000000,1358
-399.000000,1371
-398.000000,1372
-397.000000,1378
-396.000000,1378
-395.000000,1363
-394.000000,1377
-393.000000,1383
-392.000000,1385
-391.000000,1388
-390.000000,1389
-389.000000,1388
-388.000000,1394
-387.000000,1395
-386.000000,1398
-385.000000,1397
-384.000000,1403
-383.000000,1402
-382.000000,1404
-381.000000,1405
-380.000000,1407
-379.000000,1407
-378.000000,1410
-377.000000,1410
-376.000000,1413
-375.000000,1419
-374.000000,1419
-373.000000,1422
-372.000000,1425
-371.000000,1425
-370.000000,1427
-369.000000,1425
-368.000000,1426
-367.000000,1427
-366.000000,1434
-365.000000,1435
-364.000000,1436
-363.000000,1437
-362.000000,1437
-361.000000,1440
-360.000000,1443
-359.000000,1442
-358.000000,1442
-357.000000,1446
-356.000000,1446
-355.000000,1451
-354.000000,1448
-353.000000,1449
-352.000000,1452
-351.000000,1449
-350.000000,1450
-349.000000,1453
-348.000000,1454
-347.000000,1456
-346.000000,1461
-345.000000,1458
-344.000000,1459
-343.000000,1465
-342.000000,1465
-341.000000,1456
-340.000000,1474
-339.000000,1473
-338.000000,1474
-337.000000,1472
-336.000000,1466
-335.000000,1474
-334.000000,1477
-333.000000,1481
-332.000000,1485
-331.000000,1488
-330.000000,1492
-329.000000,1488
-328.000000,1493
-327.000000,1495
-326.000000,1499
-325.000000,1501
-324.000000,1501
-323.000000,1501
-322.000000,1501
-321.000000,1503
-320.000000,1506
-319.000000,1510
-318.000000,1512
-317.000000,1511
-316.000000,1514
-315.000000,1516
-314.000000,1516
-313.000000,1520
-312.000000,1526
-311.000000,1525
-310.000000,1528
-309.000000,1528
-308.000000,1529
-307.000000,1531
-306.000000,1531
-305.000000,1532
-304.000000,1533
-303.000000,1534
-302.000000,1541
-301.000000,1542
-300.000000,1545
-299.000000,1529
-298.000000,1546
-297.000000,1548
-296.000000,1545
-295.000000,1548
-294.000000,1547
-293.000000,1547
-292.000000,1549
-291.000000,1550
-290.000000,1554
-289.000000,1557
-288.000000,1559
-287.000000,1563
-286.000000,1564
-285.000000,1564
-284.000000,1579
-283.000000,1582
-282.000000,1584
-281.000000,1588
-280.000000,1586
-279.000000,1588
-278.000000,1590
-277.000000,1594
-276.000000,1597
-275.000000,1594
-274.000000,1599
-273.000000,1602
-272.000000,1603
-271.000000,1603
-270.000000,1596
-269.000000,1603
-268.000000,1610
-267.000000,1610
-266.000000,1614
-265.000000,1614
-264.000000,1616
-263.000000,1621
-262.000000,1622
-261.000000,1619
-260.000000,1623
-259.000000,1626
-258.000000,1630
-257.000000,1629
-256.000000,1646
-255.000000,1623
-254.000000,1625
-253.000000,1631
-252.000000,1635
-251.000000,1620
-250.000000,1634
-249.000000,1640
-248.000000,1641
-247.000000,1643
-246.000000,1649
-245.000000,1650
-244.000000,1655
-243.000000,1651
-242.000000,1649
-241.000000,1653
-240.000000,1655
-239.000000,1657
-238.000000,1658
-237.000000,1669
-236.000000,1665
-235.000000,1661
-234.000000,1666
-233.000000,1664
-232.000000,1668
-231.000000,1656
-230.000000,1667
-229.000000,1669
-228.000000,1670
-227.000000,1670
-226.000000,1675
-225.000000,1677
-224.000000,1680
-223.000000,1681
-222.000000,1680
-221.000000,1694
-220.000000,1694
-219.000000,1694
-218.000000,1694
-217.000000,1695
-216.000000,1699
-215.000000,1703
-214.000000,1704
-213.000000,1709
-212.000000,1711
-211.000000,1710
-210.000000,1710
-209.000000,1716
-208.000000,1721
-207.000000,1724
-206.000000,1727
-205.000000,1729
-204.000000,1733
-203.000000,1734
-202.000000,1735
-201.000000,1737
-200.000000,1737
-199.000000,1737
-198.000000,1727
-197.000000,1730
-196.000000,1731
-195.000000,1734
-194.000000,1738
-193.000000,1740
-192.000000,1736
-191.000000,1747
-190.000000,1752
-189.000000,1753
-188.000000,1749
-187.000000,1750
-186.000000,1752
-185.000000,1755
-184.000000,1758
-183.000000,1761
-182.000000,1763
-181.000000,1765
-180.000000,1766
-179.000000,1767
-178.000000,1767
-177.000000,1769
-176.000000,1772
-175.000000,1771
-174.000000,1771
-173.000000,1771
-172.000000,1776
-171.000000,1773
-170.000000,1773
-169.000000,1778
-168.000000,1780
-167.000000,1781
-166.000000,1783
-165.000000,1779
-164.000000,1789
-163.000000,1778
-162.000000,1788
-161.000000,1796
-160.000000,1803
-159.000000,1807
-158.000000,1805
-157.000000,1796
-156.000000,1803
-155.000000,1805
-154.000000,1805
-153.000000,1807
-152.000000,1805
-151.000000,1809
-150.000000,1816
-149.000000,1818
-148.000000,1821
-147.000000,1826
-146.000000,1828
-145.000000,1827
-144.000000,1828
-143.000000,1831
-142.000000,1830
-141.000000,1837
-140.000000,1840
-139.000000,1837
-138.000000,1843
-137.000000,1844
-136.000000,1842
-135.000000,1847
-134.000000,1846
-133.000000,1851
-132.000000,1852
-131.000000,1859
-130.000000,1861
-129.000000,1864
-128.000000,1871
-127.000000,1870
-126.000000,1871
-125.000000,1870
-124.000000,1875
-123.000000,1869
-122.000000,1859
-121.000000,1869
-120.000000,1870
-119.000000,1880
-118.000000,1881
-117.000000,1882
-116.000000,1903
-115.000000,1889
-114.000000,1899
-113.000000,1900
-112.000000,1901
-111.000000,1896
-110.000000,1904
-109.000000,1909
-108.000000,1911
-107.000000,1891
-106.000000,1895
-105.000000,1931
-104.000000,1903
-103.000000,1904
-102.000000,1904
-101.000000,1908
-100.000000,1910
-99.000000,1912
-98.000000,1913
-97.000000,1917
-96.000000,1917
-95.000000,1916
-94.000000,1916
-93.000000,1916
-92.000000,1921
-91.000000,1928
-90.000000,1921
-89.000000,1931
-88.000000,1935
-87.000000,1937
-86.000000,1937
-85.000000,1944
-84.000000,1944
-83.000000,1945
-82.000000,1944
-81.000000,1950
-80.000000,1953
-79.000000,1953
-78.000000,1953
-77.000000,1955
-76.000000,1955
-75.000000,1959
-74.000000,1962
-73.000000,1964
-72.000000,1962
-71.000000,1969
-70.000000,1966
-69.000000,1971
-68.000000,1971
-67.000000,1972
-66.000000,1976
-65.000000,1978
-64.000000,1977
-63.000000,1982
-62.000000,1982
-61.000000,1983
-60.000000,1982
-59.000000,1983
-58.000000,1984
-57.000000,1985
-56.000000,1986
-55.000000,1986
-54.000000,1987
-53.000000,1988
-52.000000,1991
-51.000000,1991
-50.000000,1995
-49.000000,1994
-48.000000,1993
-47.000000,1997
-46.000000,2000
-45.000000,2002
-44.000000,2008
-43.000000,2017
-42.000000,2022
-41.000000,2027
-40.000000,2035
-39.000000,2034
-38.000000,2018
-37.000000,2018
-36.000000,2020
-35.000000,2023
-34.000000,2021
-33.000000,2026
-32.000000,2029
-31.000000,2026
-30.000000,2030
-29.000000,2035
-28.000000,2035
-27.000000,2041
-26.000000,2040
-25.000000,2045
-24.000000,2045
-23.000000,2043
-22.000000,2038
-21.000000,2053
-20.000000,2050
-19.000000,2072
-18.000000,2074
-17.000000,2068
-16.000000,2082
-15.000000,2078
-14.000000,2054
-13.000000,2059
-12.000000,2081
-11.000000,2079
-10.000000,2090
-9.000000,2080
-8.000000,2061
-7.000000,2073
-6.000000,2101
-5.000000,2099
-4.000000,2082
-3.000000,2088
-2.000000,2094
-1.000000,2078
0.000000,2088
1.000000,2099
2.000000,2076
3.000000,2096
4.000000,2087
5.000000,2100
6.000000,2093
7.000000,2093
8.000000,2091
9.000000,2088
10.000000,2103
11.000000,2104
12.000000,2106
13.000000,2114
14.000000,2111
15.000000,2130
16.000000,2111
17.000000,2111
18.000000,2112
19.000000,2120
20.000000,2120
21.000000,2122
22.000000,2124
23.000000,2127
24.000000,2130
25.000000,2129
26.000000,2131
27.000000,2131
28.000000,2131
29.000000,2134
30.000000,2139
31.000000,2143
32.000000,2143
33.000000,2144
34.000000,2145
35.000000,2147
36.000000,2153
37.000000,2153
38.000000,2157
39.000000,2153
40.000000,2155
41.000000,2160
42.000000,2159
43.000000,2162
44.000000,2161
45.000000,2162
46.000000,2167
47.000000,2171
48.000000,2173
49.000000,2172
50.000000,2173
51.000000,2180
52.000000,2184
53.000000,2184
54.000000,2186
55.000000,2185
56.000000,2186
57.000000,2191
58.000000,2194
59.000000,2193
60.000000,2193
61.000000,2194
62.000000,2197
63.000000,2193
64.000000,2200
65.000000,2198
66.000000,2197
67.000000,2198
68.000000,2200
69.000000,2202
70.000000,2205
71.000000,2207
72.000000,2208
73.000000,2212
74.000000,2216
75.000000,2216
76.000000,2221
77.000000,2226
78.000000,2223
79.000000,2223
80.000000,2226
81.000000,2215
82.000000,2232
83.000000,2236
84.000000,2234
85.000000,2239
86.000000,2241
87.000000,2229
88.000000,2244
89.000000,2233
90.000000,2248
91.000000,2249
92.000000,2255
93.000000,2246
94.000000,2260
95.000000,2248
96.000000,2258
97.000000,2264
98.000000,2268
99.000000,2265
100.000000,2267
101.000000,2251
102.000000,2265
103.000000,2272
104.000000,2277
105.000000,2279
106.000000,2281
107.000000,2282
108.000000,2284
109.000000,2283
110.000000,2285
111.000000,2287
112.000000,2291
113.000000,2295
114.000000,2296
115.000000,2297
116.000000,2299
117.000000,2300
118.000000,2305
119.000000,2309
120.000000,2306
121.000000,2307
122.000000,2305
123.000000,2307
124.000000,2306
125.000000,2307
126.000000,2310
127.000000,2312
128.000000,2314
129.000000,2313
130.000000,2316
131.000000,2320
132.000000,2321
133.000000,2321
134.000000,2324
135.000000,2327
136.000000,2329
137.000000,2329
138.000000,2320
139.000000,2330
140.000000,2335
141.000000,2336
142.000000,2341
143.000000,2343
144.000000,2339
145.000000,2341
146.000000,2343
147.000000,2345
148.000000,2347
149.000000,2353
150.000000,2358
151.000000,2357
152.000000,2361
153.000000,2363
154.000000,2364
155.000000,2368
156.000000,2352
157.000000,2363
158.000000,2370
159.000000,2373
160.000000,2373
161.000000,2377
162.000000,2375
163.000000,2376
164.000000,2379
165.000000,2380
166.000000,2383
167.000000,2383
168.000000,2386
169.000000,2386
170.000000,2388
171.000000,2392
172.000000,2391
173.000000,2393
174.000000,2392
175.000000,2395
176.000000,2399
177.000000,2400
178.000000,2397
179.000000,2398
180.000000,2403
181.000000,2402
182.000000,2405
183.000000,2403
184.000000,2406
185.000000,2403
186.000000,2404
187.000000,2402
188.000000,2407
189.000000,2411
190.000000,2410
191.000000,2412
192.000000,2413
193.000000,2415
194.000000,2416
195.000000,2420
196.000000,2425
197.000000,2425
198.000000,2429
199.000000,2428
200.000000,2428
201.000000,2430
202.000000,2428
203.000000,2432
204.000000,2436
205.000000,2438
206.000000,2440
207.000000,2440
208.000000,2447
209.000000,2444
210.000000,2447
211.000000,2453
212.000000,2452
213.000000,2453
214.000000,2454
215.000000,2455
216.000000,2463
217.000000,2466
218.000000,2464
219.000000,2465
220.000000,2463
221.000000,2454
222.000000,2466
223.000000,2471
224.000000,2469
225.000000,2460
226.000000,2477
227.000000,2478
228.000000,2484
229.000000,2482
230.000000,2472
231.000000,2483
232.000000,2486
233.000000,2486
234.000000,2488
235.000000,2487
236.000000,2495
237.000000,2499
238.000000,2499
239.000000,2500
240.000000,2499
241.000000,2501
242.000000,2492
243.000000,2501
244.000000,2505
245.000000,2503
246.000000,2505
247.000000,2506
248.000000,2508
249.000000,2509
250.000000,2512
251.000000,2512
252.000000,2512
253.000000,2515
254.000000,2516
255.000000,2519
256.000000,2521
257.000000,2528
258.000000,2528
259.000000,2531
260.000000,2531
261.000000,2534
262.000000,2534
263.000000,2536
264.000000,2534
265.000000,2542
266.000000,2543
267.000000,2543
268.000000,2544
269.000000,2543
270.000000,2550
271.000000,2552
272.000000,2556
273.000000,2557
274.000000,2559
275.000000,2559
276.000000,2565
277.000000,2566
278.000000,2567
279.000000,2568
280.000000,2566
281.000000,2569
282.000000,2571
283.000000,2576
284.000000,2583
285.000000,2582
286.000000,2581
287.000000,2583
288.000000,2586
289.000000,2588
290.000000,2594
291.000000,2593
292.000000,2594
293.000000,2595
294.000000,2598
295.000000,2597
296.000000,2601
297.000000,2598
298.000000,2604
299.000000,2583
300.000000,2607
301.000000,2609
302.000000,2609
303.000000,2607
304.000000,2610
305.000000,2607
306.000000,2597
307.000000,2613
308.000000,2616
309.000000,2618
310.000000,2621
311.000000,2608
312.000000,2618
313.000000,2608
314.000000,2622
315.000000,2619
316.000000,2627
317.000000,2633
318.000000,2633
319.000000,2636
320.000000,2627
321.000000,2638
322.000000,2641
323.000000,2646
324.000000,2646
325.000000,2632
326.000000,2643
327.000000,2647
328.000000,2649
329.000000,2650
330.000000,2657
331.000000,2651
332.000000,2657
333.000000,2659
334.000000,2664
335.000000,2664
336.000000,2665
337.000000,2669
338.000000,2670
339.000000,2670
340.000000,2671
341.000000,2674
342.000000,2674
343.000000,2678
344.000000,2678
345.000000,2682
346.000000,2685
347.000000,2687
348.000000,2688
349.000000,2691
350.000000,2691
351.000000,2691
352.000000,2691
353.000000,2695
354.000000,2693
355.000000,2696
356.000000,2696
357.000000,2695
358.000000,2700
359.000000,2703
360.000000,2705
361.000000,2708
362.000000,2708
363.000000,2709
364.000000,2710
365.000000,2711
366.000000,2710
367.000000,2711
368.000000,2713
369.000000,2710
370.000000,2712
371.000000,2716
372.000000,2714
373.000000,2721
374.000000,2722
375.000000,2727
376.000000,2729
377.000000,2730
378.000000,2731
379.000000,2732
380.000000,2733
381.000000,2734
382.000000,2732
383.000000,2743
384.000000,2743
385.000000,2742
386.000000,2745
387.000000,2745
388.000000,2750
389.000000,2750
390.000000,2751
391.000000,2755
392.000000,2749
393.000000,2762
394.000000,2765
395.000000,2768
396.000000,2771
397.000000,2773
398.000000,2766
399.000000,2773
400.000000,2777
401.000000,2778
402.000000,2780
403.000000,2780
404.000000,2781
405.000000,2782
406.000000,2783
407.000000,2775
408.000000,2792
409.000000,2789
410.000000,2774
411.000000,2797
412.000000,2797
413.000000,2800
414.000000,2802
415.000000,2803
416.000000,2807
417.000000,2807
418.000000,2807
419.000000,2787
420.000000,2812
421.000000,2814
422.000000,2817
423.000000,2817
424.000000,2816
425.000000,2817
426.000000,2807
427.000000,2819
428.000000,2817
429.000000,2813
430.000000,2802
431.000000,2817
432.000000,2828
433.000000,2821
434.000000,2831
435.000000,2830
436.000000,2838
437.000000,2840
438.000000,2845
439.000000,2847
440.000000,2841
441.000000,2847
442.000000,2848
443.000000,2850
444.000000,2849
445.000000,2835
446.000000,2853
447.000000,2859
448.000000,2861
449.000000,2864
450.000000,2866
451.000000,2860
452.000000,2864
453.000000,2871
454.000000,2878
455.000000,2876
456.000000,2879
457.000000,2869
458.000000,2882
459.000000,2884
460.000000,2885
461.000000,2885
462.000000,2880
463.000000,2890
464.000000,2896
465.000000,2897
466.000000,2900
467.000000,2902
468.000000,2904
469.000000,2901
470.000000,2897
471.000000,2907
472.000000,2912
473.000000,2915
474.000000,2912
475.000000,2902
476.000000,2912
477.000000,2919
478.000000,2924
479.000000,2920
480.000000,2923
481.000000,2923
482.000000,2926
483.000000,2928
484.000000,2926
485.000000,2931
486.000000,2930
487.000000,2926
488.000000,2926
489.000000,2932
490.000000,2937
491.000000,2939
492.000000,2940
493.000000,2945
494.000000,2950
495.000000,2950
496.000000,2949
497.000000,2951
498.000000,2948
499.000000,2953
500.000000,2956
501.000000,2960
502.000000,2964
503.000000,2965
504.000000,2954
505.000000,2961
506.000000,2965
507.000000,2966
508.000000,2968
509.000000,2960
510.000000,2975
511.000000,2975
512.000000,2977
513.000000,2978
514.000000,2981
515.000000,2984
516.000000,2980
517.000000,2985
518.000000,2987
519.000000,2988
520.000000,2989
521.000000,2991
522.000000,2993
523.000000,2997
524.000000,3000
525.000000,3002
526.000000,2998
527.000000,3006
528.000000,3006
529.000000,3007
530.000000,3012
531.000000,3010
532.000000,3014
533.000000,3014
534.000000,3010
535.000000,3013
536.000000,3015
537.000000,3016
538.000000,3019
539.000000,3019
540.000000,3018
541.000000,3024
542.000000,3027
543.000000,3027
544.000000,3026
545.000000,3026
546.000000,3028
547.000000,3027
548.000000,3028
549.000000,3029
550.000000,3035
551.000000,3036
552.000000,3035
553.000000,3041
554.000000,3043
555.000000,3044
556.000000,3045
557.000000,3049
558.000000,3052
559.000000,3053
560.000000,3057
561.000000,3056
562.000000,3059
563.000000,3060
564.000000,3063
565.000000,3066
566.000000,3065
567.000000,3066
568.000000,3067
569.000000,3065
570.000000,3072
571.000000,3060
572.000000,3077
573.000000,3075
574.000000,3076
575.000000,3081
576.000000,3073
577.000000,3084
578.000000,3084
579.000000,3087
580.000000,3087
581.000000,3086
582.000000,3093
583.000000,3093
584.000000,3095
585.000000,3081
586.000000,3100
587.000000,3099
588.000000,3105
589.000000,3108
590.000000,3099
591.000000,3111
592.000000,3113
593.000000,3114
594.000000,3114
595.000000,3113
596.000000,3117
597.000000,3118
598.000000,3120
599.000000,3123
600.000000,3127
601.000000,3125
602.000000,3122
603.000000,3123
604.000000,3132
605.000000,3126
606.000000,3132
607.000000,3132
608.000000,3134
609.000000,3131
610.000000,3132
611.000000,3135
612.000000,3137
613.000000,3141
614.000000,3145
615.000000,3146
616.000000,3145
617.000000,3152
618.000000,3156
619.000000,3160
620.000000,3160
621.000000,3161
622.000000,3164
623.000000,3163
624.000000,3162
625.000000,3165
626.000000,3165
627.000000,3166
628.000000,3175
629.000000,3175
630.000000,3178
631.000000,3179
632.000000,3183
633.000000,3183
634.000000,3188
635.000000,3187
636.000000,3188
637.000000,3187
638.000000,3190
639.000000,3193
640.000000,3196
641.000000,3198
642.000000,3199
643.000000,3201
644.000000,3203
645.000000,3206
646.000000,3207
647.000000,3209
648.000000,3214
649.000000,3216
650.000000,3216
651.000000,3217
652.000000,3220
653.000000,3219
654.000000,3220
655.000000,3220
656.000000,3222
657.000000,3222
658.000000,3227
659.000000,3228
660.000000,3232
661.000000,3234
662.000000,3231
663.000000,3236
664.000000,3236
665.000000,3235
666.000000,3235
667.000000,3235
668.000000,3238
669.000000,3239
670.000000,3241
671.000000,3242
672.000000,3244
673.000000,3239
674.000000,3246
675.000000,3243
676.000000,3256
677.000000,3259
678.000000,3258
679.000000,3257
680.000000,3255
681.000000,3267
682.000000,3267
683.000000,3269
684.000000,3270
685.000000,3271
686.000000,3270
687.000000,3274
688.000000,3274
689.000000,3275
690.000000,3274
691.000000,3276
692.000000,3285
693.000000,3291
694.000000,3290
695.000000,3290
696.000000,3292
697.000000,3293
698.000000,3298
699.000000,3298
700.000000,3299
701.000000,3303
702.000000,3304
703.000000,3302
704.000000,3304
705.000000,3306
706.000000,3312
707.000000,3312
708.000000,3316
709.000000,3317
710.000000,3317
711.000000,3318
712.000000,3321
713.000000,3322
714.000000,3326
715.000000,3326
716.000000,3329
717.000000,3328
718.000000,3328
719.000000,3329
720.000000,3330
721.000000,3331
720.000000,3333
719.000000,3336
718.000000,3337
717.000000,3336
716.000000,3337
715.000000,3336
714.000000,3335
713.000000,3338
712.000000,3333
711.000000,3337
710.000000,3335
709.000000,3335
708.000000,3333
707.000000,3334
706.000000,3331
705.000000,3333
704.000000,3332
703.000000,3329
702.000000,3330
701.000000,3330
700.000000,3329
699.000000,3330
698.000000,3331
697.000000,3330
696.000000,3330
695.000000,3332
694.000000,3330
693.000000,3331
692.000000,3326
691.000000,3330
690.000000,3330
689.000000,3321
688.000000,3326
687.000000,3322
686.000000,3321
685.000000,3320
684.000000,3316
683.000000,3304
682.000000,3317
681.000000,3315
680.000000,3310
679.000000,3307
678.000000,3304
677.000000,3309
676.000000,3303
675.000000,3300
674.000000,3304
673.000000,3303
672.000000,3301
671.000000,3298
670.000000,3294
669.000000,3290
668.000000,3289
667.000000,3294
666.000000,3288
665.000000,3286
664.000000,3284
663.000000,3277
662.000000,3277
661.000000,3274
660.000000,3276
659.000000,3274
658.000000,3268
657.000000,3273
656.000000,3273
655.000000,3270
654.000000,3273
653.000000,3270
652.000000,3267
651.000000,3270
650.000000,3268
649.000000,3271
648.000000,3267
647.000000,3258
646.000000,3257
645.000000,3254
644.000000,3254
643.000000,3249
642.000000,3247
641.000000,3247
640.000000,3246
639.000000,3244
638.000000,3239
637.000000,3240
636.000000,3237
635.000000,3240
634.000000,3240
633.000000,3235
632.000000,3236
631.000000,3232
630.000000,3225
629.000000,3220
628.000000,3219
627.000000,3217
626.000000,3216
625.000000,3213
624.000000,3215
623.000000,3211
622.000000,3211
621.000000,3208
620.000000,3208
619.000000,3205
618.000000,3206
617.000000,3205
616.000000,3198
615.000000,3197
614.000000,3197
613.000000,3190
612.000000,3191
611.000000,3191
610.000000,3190
609.000000,3184
608.000000,3185
607.000000,3182
606.000000,3178
605.000000,3180
604.000000,3177
603.000000,3177
602.000000,3176
601.000000,3169
600.000000,3167
599.000000,3163
598.000000,3166
597.000000,3164
596.000000,3164
595.000000,3163
594.000000,3162
593.000000,3155
592.000000,3165
591.000000,3162
590.000000,3159
589.000000,3155
588.000000,3148
587.000000,3148
586.000000,3146
585.000000,3145
584.000000,3141
583.000000,3140
582.000000,3137
581.000000,3136
580.000000,3137
579.000000,3128
578.000000,3134
577.000000,3133
576.000000,3131
575.000000,3132
574.000000,3121
573.000000,3127
572.000000,3125
571.000000,3124
570.000000,3122
569.000000,3105
568.000000,3114
567.000000,3116
566.000000,3114
565.000000,3113
564.000000,3113
563.000000,3110
562.000000,3109
561.000000,3107
560.000000,3106
559.000000,3101
558.000000,3104
557.000000,3102
556.000000,3095
555.000000,3092
554.000000,3092
553.000000,3094
552.000000,3091
551.000000,3089
550.000000,3086
549.000000,3085
548.000000,3083
547.000000,3084
546.000000,3077
545.000000,3076
544.000000,3071
543.000000,3071
542.000000,3066
541.000000,3067
540.000000,3069
539.000000,3067
538.000000,3067
537.000000,3064
536.000000,3065
535.000000,3065
534.000000,3064
533.000000,3063
532.000000,3062
531.000000,3060
530.000000,3059
529.000000,3053
528.000000,3053
527.000000,3053
526.000000,3049
525.000000,3046
524.000000,3046
523.000000,3045
522.000000,3041
521.000000,3040
520.000000,3039
519.000000,3038
518.000000,3036
517.000000,3033
516.000000,3035
515.000000,3030
514.000000,3020
513.000000,3028
512.000000,3026
511.000000,3022
510.000000,3021
509.000000,3018
508.000000,3013
507.000000,3011
506.000000,3013
505.000000,3014
504.000000,3013
503.000000,3010
502.000000,2996
501.000000,3005
500.000000,3005
499.000000,3002
498.000000,3003
497.000000,3000
496.000000,2990
495.000000,2985
494.000000,2973
493.000000,2991
492.000000,2972
491.000000,2983
490.000000,2984
489.000000,2982
488.000000,2981
487.000000,2980
486.000000,2973
485.000000,2973
484.000000,2948
483.000000,2965
482.000000,2966
481.000000,2967
480.000000,2952
479.000000,2966
478.000000,2964
477.000000,2963
476.000000,2964
475.000000,2961
474.000000,2958
473.000000,2943
472.000000,2962
471.000000,2963
470.000000,2960
469.000000,2955
468.000000,2950
467.000000,2951
466.000000,2949
465.000000,2946
464.000000,2945
463.000000,2943
462.000000,2941
461.000000,2939
460.000000,2930
459.000000,2937
458.000000,2936
457.000000,2935
456.000000,2931
455.000000,2919
454.000000,2926
453.000000,2926
452.000000,2925
451.000000,2921
450.000000,2921
449.000000,2911
448.000000,2916
447.000000,2918
446.000000,2907
445.000000,2907
444.000000,2899
443.000000,2890
442.000000,2902
441.000000,2902
440.000000,2902
439.000000,2897
438.000000,2886
437.000000,2890
436.000000,2891
435.000000,2886
434.000000,2884
433.000000,2883
432.000000,2882
431.000000,2878
430.000000,2875
429.000000,2863
428.000000,2849
427.000000,2856
426.000000,2859
425.000000,2862
424.000000,2850
423.000000,2863
422.000000,2856
421.000000,2857
420.000000,2850
419.000000,2851
418.000000,2850
417.000000,2828
416.000000,2833
415.000000,2845
414.000000,2847
413.000000,2847
412.000000,2848
411.000000,2846
410.000000,2844
409.000000,2841
408.000000,2819
407.000000,2837
406.000000,2832
405.000000,2832
404.000000,2831
403.000000,2810
402.000000,2820
401.000000,2822
400.000000,2822
399.000000,2822
398.000000,2822
397.000000,2819
396.000000,2810
395.000000,2813
394.000000,2813
393.000000,2810
392.000000,2810
391.000000,2794
390.000000,2800
389.000000,2800
388.000000,2798
387.000000,2796
386.000000,2793
385.000000,2792
384.000000,2787
383.000000,2790
382.000000,2788
381.000000,2785
380.000000,2783
379.000000,2783
378.000000,2780
377.000000,2780
376.000000,2780
375.000000,2773
374.000000,2773
373.000000,2772
372.000000,2772
371.000000,2769
370.000000,2764
369.000000,2760
368.000000,2759
367.000000,2763
366.000000,2758
365.000000,2754
364.000000,2751
363.000000,2752
362.000000,2751
361.000000,2749
360.000000,2747
359.000000,2745
358.000000,2746
357.000000,2745
356.000000,2743
355.000000,2744
354.000000,2741
353.000000,2743
352.000000,2735
351.000000,2733
350.000000,2733
349.000000,2732
348.000000,2731
347.000000,2728
346.000000,2729
345.000000,2725
344.000000,2723
343.000000,2720
342.000000,2719
341.000000,2717
340.000000,2716
339.000000,2717
338.000000,2716
337.000000,2710
336.000000,2709
335.000000,2708
334.000000,2708
333.000000,2703
332.000000,2700
331.000000,2699
330.000000,2696
329.000000,2685
328.000000,2692
327.000000,2693
326.000000,2691
325.000000,2691
324.000000,2684
323.000000,2668
322.000000,2682
321.000000,2686
320.000000,2682
319.000000,2674
318.000000,2664
317.000000,2671
316.000000,2673
315.000000,2671
314.000000,2667
313.000000,2665
312.000000,2663
311.000000,2660
310.000000,2659
309.000000,2647
308.000000,2657
307.000000,2655
306.000000,2647
305.000000,2647
304.000000,2637
303.000000,2648
302.000000,2645
301.000000,2646
300.000000,2643
299.000000,2643
298.000000,2641
297.000000,2641
296.000000,2640
295.000000,2638
294.000000,2641
293.000000,2640
292.000000,2636
291.000000,2637
290.000000,2633
289.000000,2631
288.000000,2628
287.000000,2624
286.000000,2624
285.000000,2623
284.000000,2619
283.000000,2620
282.000000,2620
281.000000,2617
280.000000,2615
279.000000,2614
278.000000,2612
277.000000,2607
276.000000,2608
275.000000,2608
274.000000,2603
273.000000,2600
272.000000,2598
271.000000,2593
270.000000,2595
269.000000,2592
268.000000,2590
267.000000,2588
266.000000,2586
265.000000,2584
264.000000,2583
263.000000,2582
262.000000,2581
261.000000,2578
260.000000,2576
259.000000,2569
258.000000,2570
257.000000,2566
256.000000,2566
255.000000,2562
254.000000,2563
253.000000,2559
252.000000,2556
251.000000,2555
250.000000,2552
249.000000,2546
248.000000,2548
247.000000,2545
246.000000,2544
245.000000,2544
244.000000,2543
243.000000,2540
242.000000,2539
241.000000,2537
240.000000,2534
239.000000,2533
238.000000,2534
237.000000,2531
236.000000,2532
235.000000,2534
234.000000,2531
233.000000,2520
232.000000,2524
231.000000,2529
230.000000,2523
229.000000,2522
228.000000,2516
227.000000,2520
226.000000,2504
225.000000,2515
224.000000,2503
223.000000,2508
222.000000,2507
221.000000,2508
220.000000,2506
219.000000,2491
218.000000,2496
217.000000,2503
216.000000,2499
215.000000,2500
214.000000,2496
213.000000,2489
212.000000,2491
211.000000,2492
210.000000,2486
209.000000,2484
208.000000,2470
207.000000,2483
206.000000,2478
205.000000,2483
204.000000,2478
203.000000,2476
202.000000,2475
201.000000,2471
200.000000,2467
199.000000,2465
198.000000,2468
197.000000,2467
196.000000,2467
195.000000,2465
194.000000,2462
193.000000,2460
192.000000,2458
191.000000,2456
190.000000,2452
189.000000,2446
188.000000,2447
187.000000,2444
186.000000,2442
185.000000,2440
184.000000,2437
183.000000,2440
182.000000,2437
181.000000,2437
180.000000,2437
179.000000,2437
178.000000,2433
177.000000,2432
176.000000,2430
175.000000,2429
174.000000,2428
173.000000,2426
172.000000,2427
171.000000,2425
170.000000,2426
169.000000,2426
168.000000,2424
167.000000,2419
166.000000,2415
165.000000,2412
164.000000,2410
163.000000,2412
162.000000,2412
161.000000,2408
160.000000,2406
159.000000,2405
158.000000,2403
157.000000,2406
156.000000,2400
155.000000,2395
154.000000,2382
153.000000,2397
152.000000,2393
151.000000,2394
150.000000,2392
149.000000,2391
148.000000,2386
147.000000,2387
146.000000,2386
145.000000,2381
144.000000,2380
143.000000,2374
142.000000,2373
141.000000,2377
140.000000,2377
139.000000,2375
138.000000,2372
137.000000,2364
136.000000,2356
135.000000,2367
134.000000,2362
133.000000,2361
132.000000,2364
131.000000,2359
130.000000,2353
129.000000,2352
128.000000,2351
127.000000,2347
126.000000,2345
125.000000,2343
124.000000,2345
123.000000,2343
122.000000,2341
121.000000,2336
120.000000,2335
119.000000,2336
118.000000,2332
117.000000,2333
116.000000,2331
115.000000,2334
114.000000,2331
113.000000,2330
112.000000,2332
111.000000,2333
110.000000,2331
109.000000,2331
108.000000,2326
107.000000,2321
106.000000,2321
105.000000,2318
104.000000,2312
103.000000,2314
102.000000,2312
101.000000,2308
100.000000,2301
99.000000,2291
98.000000,2305
97.000000,2306
96.000000,2301
95.000000,2299
94.000000,2296
93.000000,2284
92.000000,2293
91.000000,2274
90.000000,2290
89.000000,2282
88.000000,2279
87.000000,2274
86.000000,2285
85.000000,2265
84.000000,2274
83.000000,2274
82.000000,2270
81.000000,2274
80.000000,2271
79.000000,2252
78.000000,2265
77.000000,2261
76.000000,2261
75.000000,2260
74.000000,2261
73.000000,2259
72.000000,2256
71.000000,2248
70.000000,2243
69.000000,2242
68.000000,2242
67.000000,2240
66.000000,2233
65.000000,2237
64.000000,2234
63.000000,2234
62.000000,2232
61.000000,2228
60.000000,2222
59.000000,2226
58.000000,2224
57.000000,2226
56.000000,2220
55.000000,2222
54.000000,2222
53.000000,2221
52.000000,2222
51.000000,2219
50.000000,2214
49.000000,2213
48.000000,2208
47.000000,2209
46.000000,2205
45.000000,2204
44.000000,2201
43.000000,2197
42.000000,2198
41.000000,2194
40.000000,2194
39.000000,2192
38.000000,2190
37.000000,2186
36.000000,2186
35.000000,2184
34.000000,2182
33.000000,2183
32.000000,2183
31.000000,2178
30.000000,2175
29.000000,2174
28.000000,2171
27.000000,2169
26.000000,2167
25.000000,2163
24.000000,2162
23.000000,2162
22.000000,2163
21.000000,2158
20.000000,2156
19.000000,2151
18.000000,2154
17.000000,2152
16.000000,2149
15.000000,2156
14.000000,2149
13.000000,2147
12.000000,2139
11.000000,2139
10.000000,2134
9.000000,2131
8.000000,2131
7.000000,2144
6.000000,2126
5.000000,2135
4.000000,2121
3.000000,2131
2.000000,2104
1.000000,2136
0.000000,2115
-1.000000,2120
-2.000000,2117
-3.000000,2123
-4.000000,2111
-5.000000,2123
-6.000000,2130
-7.000000,2128
-8.000000,2106
-9.000000,2112
-10.000000,2120
-11.000000,2112
-12.000000,2112
-13.000000,2106
-14.000000,2095
-15.000000,2105
-16.000000,2104
-17.000000,2096
-18.000000,2101
-19.000000,2101
-20.000000,2108
-21.000000,2107
-22.000000,2087
-23.000000,2081
-24.000000,2068
-25.000000,2078
-26.000000,2078
-27.000000,2072
-28.000000,2070
-29.000000,2069
-30.000000,2062
-31.000000,2066
-32.000000,2066
-33.000000,2060
-34.000000,2058
-35.000000,2058
-36.000000,2057
-37.000000,2053
-38.000000,2053
-39.000000,2047
-40.000000,2045
-41.000000,2062
-42.000000,2062
-43.000000,2057
-44.000000,2046
-45.000000,2030
-46.000000,2029
-47.000000,2026
-48.000000,2025
-49.000000,2021
-50.000000,2026
-51.000000,2016
-52.000000,2017
-53.000000,2013
-54.000000,2016
-55.000000,2014
-56.000000,2012
-57.000000,2011
-58.000000,2007
-59.000000,2008
-60.000000,2007
-61.000000,2007
-62.000000,2008
-63.000000,2005
-64.000000,2005
-65.000000,2002
-66.000000,2006
-67.000000,1999
-68.000000,2002
-69.000000,1996
-70.000000,1991
-71.000000,1994
-72.000000,1987
-73.000000,1989
-74.000000,1988
-75.000000,1987
-76.000000,1984
-77.000000,1983
-78.000000,1981
-79.000000,1976
-80.000000,1976
-81.000000,1975
-82.000000,1970
-83.000000,1971
-84.000000,1970
-85.000000,1969
-86.000000,1967
-87.000000,1966
-88.000000,1963
-89.000000,1960
-90.000000,1945
-91.000000,1953
-92.000000,1951
-93.000000,1952
-94.000000,1946
-95.000000,1943
-96.000000,1942
-97.000000,1941
-98.000000,1939
-99.000000,1937
-100.000000,1935
-101.000000,1935
-102.000000,1936
-103.000000,1931
-104.000000,1929
-105.000000,1921
-106.000000,1918
-107.000000,1916
-108.000000,1932
-109.000000,1932
-110.000000,1932
-111.000000,1929
-112.000000,1923
-113.000000,1915
-114.000000,1921
-115.000000,1913
-116.000000,1936
-117.000000,1913
-118.000000,1903
-119.000000,1900
-120.000000,1894
-121.000000,1895
-122.000000,1894
-123.000000,1887
-124.000000,1891
-125.000000,1895
-126.000000,1897
-127.000000,1896
-128.000000,1893
-129.000000,1890
-130.000000,1887
-131.000000,1883
-132.000000,1882
-133.000000,1875
-134.000000,1873
-135.000000,1858
-136.000000,1867
-137.000000,1870
-138.000000,1867
-139.000000,1866
-140.000000,1860
-141.000000,1860
-142.000000,1857
-143.000000,1856
-144.000000,1852
-145.000000,1851
-146.000000,1850
-147.000000,1850
-148.000000,1846
-149.000000,1840
-150.000000,1823
-151.000000,1837
-152.000000,1836
-153.000000,1837
-154.000000,1829
-155.000000,1829
-156.000000,1827
-157.000000,1827
-158.000000,1825
-159.000000,1816
-160.000000,1821
-161.000000,1821
-162.000000,1816
-163.000000,1809
-164.000000,1804
-165.000000,1798
-166.000000,1806
-167.000000,1806
-168.000000,1803
-169.000000,1802
-170.000000,1798
-171.000000,1797
-172.000000,1797
-173.000000,1794
-174.000000,1789
-175.000000,1790
-176.000000,1789
-177.000000,1788
-178.000000,1787
-179.000000,1784
-180.000000,1784
-181.000000,1783
-182.000000,1782
-183.000000,1781
-184.000000,1779
-185.000000,1778
-186.000000,1779
-187.000000,1777
-188.000000,1776
-189.000000,1775
-190.000000,1775
-191.000000,1771
-192.000000,1766
-193.000000,1766
-194.000000,1764
-195.000000,1760
-196.000000,1758
-197.000000,1754
-198.000000,1748
-199.000000,1758
-200.000000,1758
-201.000000,1759
-202.000000,1758
-203.000000,1752
-204.000000,1752
-205.000000,1750
-206.000000,1747
-207.000000,1744
-208.000000,1743
-209.000000,1736
-210.000000,1729
-211.000000,1729
-212.000000,1734
-213.000000,1736
-214.000000,1734
-215.000000,1729
-216.000000,1731
-217.000000,1725
-218.000000,1724
-219.000000,1721
-220.000000,1720
-221.000000,1719
-222.000000,1703
-223.000000,1703
-224.000000,1699
-225.000000,1701
-226.000000,1696
-227.000000,1696
-228.000000,1697
-229.000000,1691
-230.000000,1689
-231.000000,1677
-232.000000,1689
-233.000000,1686
-234.000000,1685
-235.000000,1686
-236.000000,1679
-237.000000,1678
-238.000000,1676
-239.000000,1678
-240.000000,1671
-241.000000,1670
-242.000000,1664
-243.000000,1671
-244.000000,1671
-245.000000,1669
-246.000000,1671
-247.000000,1669
-248.000000,1668
-249.000000,1665
-250.000000,1661
-251.000000,1647
-252.000000,1659
-253.000000,1653
-254.000000,1650
-255.000000,1651
-256.000000,1667
-257.000000,1657
-258.000000,1651
-259.000000,1650
-260.000000,1647
-261.000000,1645
-262.000000,1646
-263.000000,1644
-264.000000,1642
-265.000000,1641
-266.000000,1641
-267.000000,1635
-268.000000,1632
-269.000000,1626
-270.000000,1620
-271.000000,1624
-272.000000,1623
-273.000000,1623
-274.000000,1621
-275.000000,1619
-276.000000,1613
-277.000000,1613
-278.000000,1616
-279.000000,1610
-280.000000,1610
-281.000000,1612
-282.000000,1607
-283.000000,1604
-284.000000,1603
-285.000000,1591
-286.000000,1594
-287.000000,1588
-288.000000,1582
-289.000000,1581
-290.000000,1578
-291.000000,1579
-292.000000,1579
-293.000000,1575
-294.000000,1574
-295.000000,1574
-296.000000,1570
-297.000000,1566
-298.000000,1562
-299.000000,1561
-300.000000,1562
-301.000000,1562
-302.000000,1561
-303.000000,1561
-304.000000,1560
-305.000000,1556
-306.000000,1558
-307.000000,1556
-308.000000,1557
-309.000000,1551
-310.000000,1549
-311.000000,1548
-312.000000,1548
-313.000000,1545
-314.000000,1541
-315.000000,1535
-316.000000,1532
-317.000000,1528
-318.000000,1532
-319.000000,1528
-320.000000,1529
-321.000000,1529
-322.000000,1531
-323.000000,1526
-324.000000,1528
-325.000000,1525
-326.000000,1521
-327.000000,1521
-328.000000,1517
-329.000000,1515
-330.000000,1512
-331.000000,1513
-332.000000,1488
-333.000000,1508
-334.000000,1508
-335.000000,1504
-336.000000,1503
-337.000000,1501
-338.000000,1493
-339.000000,1500
-340.000000,1497
-341.000000,1496
-342.000000,1494
-343.000000,1476
-344.000000,1490
-345.000000,1489
-346.000000,1489
-347.000000,1482
-348.000000,1480
-349.000000,1474
-350.000000,1475
-351.000000,1474
-352.000000,1474
-353.000000,1473
-354.000000,1472
-355.000000,1471
-356.000000,1469
-357.000000,1466
-358.000000,1464
-359.000000,1462
-360.000000,1463
-361.000000,1462
-362.000000,1457
-363.000000,1460
-364.000000,1456
-365.000000,1459
-366.000000,1456
-367.000000,1455
-368.000000,1457
-369.000000,1453
-370.000000,1454
-371.000000,1450
-372.000000,1450
-373.000000,1449
-374.000000,1443
-375.000000,1442
-376.000000,1444
-377.000000,1438
-378.000000,1437
-379.000000,1438
-380.000000,1434
-381.000000,1430
-382.000000,1428
-383.000000,1426
-384.000000,1426
-385.000000,1426
-386.000000,1425
-387.000000,1425
-388.000000,1421
-389.000000,1422
-390.000000,1417
-391.000000,1409
-392.000000,1415
-393.000000,1411
-394.000000,1410
-395.000000,1406
-396.000000,1399
-397.000000,1389
-398.000000,1402
-399.000000,1403
-400.000000,1397
-401.000000,1398
-402.000000,1388
-403.000000,1396
-404.000000,1394
-405.000000,1385
-406.000000,1386
-407.000000,1385
-408.000000,1384
-409.000000,1381
-410.000000,1380
-411.000000,1372
-412.000000,1377
-413.000000,1373
-414.000000,1371
-415.000000,1370
-416.000000,1363
-417.000000,1368
-418.000000,1362
-419.000000,1363
-420.000000,1363
-421.000000,1360
-422.000000,1359
-423.000000,1346
-424.000000,1362
-425.000000,1362
-426.000000,1358
-427.000000,1361
-428.000000,1360
-429.000000,1354
-430.000000,1350
-431.000000,1350
-432.000000,1347
-433.000000,1346
-434.000000,1345
-435.000000,1341
-436.000000,1335
-437.000000,1339
-438.000000,1330
-439.000000,1329
-440.000000,1325
-441.000000,1327
-442.000000,1327
-443.000000,1325
-444.000000,1321
-445.000000,1321
-446.000000,1321
-447.000000,1320
-448.000000,1314
-449.000000,1310
-450.000000,1308
-451.000000,1306
-452.000000,1304
-453.000000,1301
-454.000000,1303
-455.000000,1299
-456.000000,1297
-457.000000,1295
-458.000000,1291
-459.000000,1291
-460.000000,1291
-461.000000,1290
-462.000000,1289
-463.000000,1287
-464.000000,1287
-465.000000,1281
-466.000000,1275
-467.000000,1276
-468.000000,1277
-469.000000,1273
-470.000000,1272
-471.000000,1271
-472.000000,1271
-473.000000,1267
-474.000000,1269
-475.000000,1268
-476.000000,1269
-477.000000,1264
-478.000000,1258
-479.000000,1254
-480.000000,1254
-481.000000,1254
-482.000000,1250
-483.000000,1251
-484.000000,1248
-485.000000,1251
-486.000000,1237
-487.000000,1250
-488.000000,1252
-489.000000,1248
-490.000000,1248
-491.000000,1241
-492.000000,1244
-493.000000,1227
-494.000000,1237
-495.000000,1231
-496.000000,1232
-497.000000,1233
-498.000000,1233
-499.000000,1213
-500.000000,1224
-501.000000,1224
-502.000000,1224
-503.000000,1223
-504.000000,1222
-505.000000,1215
-506.000000,1216
-507.000000,1216
-508.000000,1212
-509.000000,1215
-510.000000,1207
-511.000000,1210
-512.000000,1205
