-52.000000,1072
185.000000,3053
186.000000,3048
187.000000,3041
188.000000,3037
189.000000,3029
190.000000,3028
191.000000,3016
192.000000,3014
193.000000,3012
194.000000,3004
195.000000,3001
196.000000,2993
197.000000,2989
198.000000,2987
199.000000,2980
200.000000,2973
201.000000,2965
202.000000,2965
203.000000,2964
204.000000,2953
205.000000,2950
206.000000,2943
207.000000,2939
208.000000,2928
209.000000,2921
210.000000,2917
211.000000,2914
212.000000,2905
213.000000,2900
214.000000,2889
215.000000,2884
216.000000,2876
217.000000,2870
218.000000,2867
219.000000,2857
220.000000,2849
221.000000,2848
222.000000,2842
223.000000,2834
224.000000,2832
225.000000,2824
226.000000,2816
227.000000,2809
228.000000,2803
229.000000,2798
230.000000,2793
231.000000,2785
232.000000,2780
233.000000,2777
234.000000,2770
235.000000,2758
236.000000,2751
237.000000,2748
238.000000,2741
239.000000,2734
240.000000,2728
241.000000,2724
242.000000,2716
243.000000,2708
244.000000,2704
245.000000,2697
246.000000,2695
247.000000,2686
248.000000,2684
249.000000,2674
250.000000,2672
251.000000,2668
252.000000,2661
253.000000,2656
254.000000,2649
255.000000,2646
256.000000,2640
257.000000,2639
258.000000,2628
259.000000,2626
260.000000,2619
261.000000,2615
262.000000,2604
263.000000,2602
264.000000,2594
265.000000,2593
266.000000,2586
267.000000,2580
268.000000,2573
269.000000,2565
270.000000,2563
271.000000,2556
272.000000,2545
273.000000,2545
274.000000,2540
275.000000,2534
276.000000,2528
277.000000,2521
278.000000,2517
279.000000,2514
280.000000,2507
281.000000,2501
282.000000,2491
283.000000,2487
284.000000,2479
285.000000,2475
286.000000,2464
287.000000,2462
288.000000,2463
289.000000,2452
290.000000,2443
291.000000,2438
292.000000,2432
293.000000,2427
294.000000,2426
295.000000,2416
296.000000,2414
297.000000,2403
298.000000,2396
299.000000,2393
300.000000,2392
301.000000,2384
302.000000,2379
303.000000,2376
304.000000,2367
305.000000,2361
306.000000,2353
307.000000,2346
308.000000,2343
309.000000,2333
310.000000,2330
311.000000,2323
312.000000,2315
313.000000,2311
314.000000,2305
315.000000,2296
316.000000,2286
317.000000,2282
318.000000,2276
319.000000,2269
320.000000,2265
321.000000,2259
322.000000,2255
323.000000,2245
324.000000,2235
325.000000,2234
326.000000,2220
327.000000,2219
328.000000,2212
329.000000,2207
330.000000,2198
331.000000,2190
332.000000,2183
333.000000,2182
334.000000,2174
335.000000,2168
336.000000,2161
337.000000,2149
338.000000,2147
339.000000,2141
340.000000,2133
341.000000,2128
342.000000,2122
343.000000,2113
344.000000,2106
345.000000,2102
346.000000,2095
347.000000,2091
348.000000,2085
349.000000,2079
350.000000,2072
351.000000,2064
352.000000,2059
353.000000,2054
354.000000,2045
355.000000,2040
356.000000,2030
357.000000,2028
358.000000,2021
359.000000,2015
360.000000,2009
361.000000,2004
360.000000,1992
359.000000,1987
358.000000,1984
357.000000,1976
356.000000,1972
355.000000,1967
354.000000,1958
353.000000,1953
352.000000,1947
351.000000,1939
350.000000,1938
349.000000,1930
348.000000,1921
347.000000,1913
346.000000,1911
345.000000,1903
344.000000,1899
343.000000,1893
342.000000,1890
341.000000,1881
340.000000,1874
339.000000,1869
338.000000,1867
337.000000,1858
336.000000,1851
335.000000,1843
334.000000,1836
333.000000,1830
332.000000,1822
331.000000,1815
330.000000,1808
329.000000,1803
328.000000,1797
327.000000,1787
326.000000,1782
325.000000,1780
324.000000,1773
323.000000,1764
322.000000,1758
321.000000,1752
320.000000,1750
319.000000,1740
318.000000,1735
317.000000,1734
316.000000,1730
315.000000,1724
314.000000,1716
313.000000,1711
312.000000,1705
311.000000,1699
310.000000,1696
309.000000,1686
308.000000,1684
307.000000,1675
306.000000,1671
305.000000,1665
304.000000,1664
303.000000,1653
302.000000,1652
301.000000,1644
300.000000,1639
299.000000,1632
298.000000,1626
297.000000,1620
296.000000,1617
295.000000,1610
294.000000,1604
293.000000,1601
292.000000,1596
291.000000,1594
290.000000,1587
289.000000,1582
288.000000,1578
287.000000,1574
286.000000,1570
285.000000,1563
284.000000,1563
283.000000,1558
282.000000,1549
281.000000,1549
280.000000,1546
279.000000,1541
278.000000,1534
277.000000,1531
276.000000,1529
275.000000,1523
274.000000,1517
273.000000,1515
272.000000,1510
271.000000,1505
270.000000,1498
269.000000,1499
268.000000,1494
267.000000,1491
266.000000,1485
265.000000,1477
264.000000,1476
263.000000,1472
262.000000,1467
261.000000,1461
260.000000,1459
259.000000,1455
258.000000,1452
257.000000,1447
256.000000,1441
255.000000,1437
254.000000,1431
253.000000,1425
252.000000,1422
251.000000,1419
250.000000,1410
249.000000,1408
248.000000,1405
247.000000,1401
246.000000,1396
245.000000,1387
244.000000,1384
243.000000,1375
242.000000,1374
241.000000,1367
240.000000,1362
239.000000,1361
238.000000,1350
237.000000,1349
236.000000,1345
235.000000,1339
234.000000,1336
233.000000,1334
232.000000,1329
231.000000,1325
230.000000,1322
229.000000,1315
228.000000,1310
227.000000,1303
226.000000,1300
225.000000,1301
224.000000,1295
223.000000,1291
222.000000,1289
221.000000,1288
220.000000,1280
219.000000,1276
218.000000,1274
217.000000,1272
216.000000,1271
215.000000,1266
214.000000,1269
213.000000,1268
212.000000,1263
211.000000,1259
210.000000,1256
209.000000,1252
208.000000,1252
207.000000,1251
206.000000,1245
205.000000,1247
204.000000,1246
203.000000,1241
202.000000,1242
201.000000,1239
200.000000,1234
199.000000,1234
198.000000,1231
197.000000,1233
196.000000,1232
195.000000,1230
194.000000,1229
193.000000,1227
192.000000,1225
191.000000,1225
190.000000,1225
189.000000,1223
188.000000,1222
187.000000,1217
186.000000,1219
185.000000,1220
184.000000,1219
183.000000,1218
182.000000,1219
181.000000,1217
180.000000,1217
179.000000,1213
178.000000,1213
177.000000,1216
176.000000,1219
175.000000,1216
174.000000,1218
173.000000,1219
172.000000,1221
171.000000,1220
170.000000,1224
169.000000,1225
168.000000,1229
167.000000,1232
166.000000,1233
165.000000,1235
164.000000,1234
163.000000,1240
162.000000,1244
161.000000,1246
160.000000,1248
159.000000,1254
158.000000,1251
157.000000,1257
156.000000,1264
155.000000,1269
154.000000,1268
153.000000,1268
152.000000,1272
151.000000,1278
150.000000,1279
149.000000,1289
148.000000,1291
147.000000,1291
146.000000,1300
145.000000,1300
144.000000,1304
143.000000,1309
142.000000,1314
141.000000,1323
140.000000,1326
139.000000,1330
138.000000,1338
137.000000,1343
136.000000,1346
135.000000,1350
134.000000,1360
133.000000,1363
132.000000,1367
131.000000,1372
130.000000,1380
129.000000,1382
128.000000,1387
127.000000,1392
126.000000,1398
125.000000,1406
124.000000,1409
123.000000,1416
122.000000,1421
121.000000,1424
120.000000,1427
119.000000,1432
118.000000,1438
117.000000,1445
116.000000,1454
115.000000,1456
114.000000,1460
113.000000,1458
112.000000,1466
111.000000,1472
110.000000,1475
109.000000,1476
108.000000,1486
107.000000,1490
106.000000,1492
105.000000,1501
104.000000,1501
103.000000,1505
102.000000,1510
101.000000,1513
100.000000,1517
99.000000,1523
98.000000,1526
97.000000,1528
96.000000,1533
95.000000,1543
94.000000,1545
93.000000,1546
92.000000,1553
91.000000,1559
90.000000,1562
89.000000,1572
88.000000,1578
87.000000,1579
86.000000,1586
85.000000,1592
84.000000,1597
83.000000,1602
82.000000,1607
81.000000,1615
80.000000,1620
79.000000,1624
78.000000,1631
77.000000,1639
76.000000,1642
75.000000,1651
74.000000,1653
73.000000,1661
72.000000,1665
71.000000,1669
70.000000,1675
69.000000,1685
68.000000,1686
67.000000,1697
66.000000,1699
65.000000,1708
64.000000,1714
63.000000,1721
62.000000,1732
61.000000,1731
60.000000,1736
59.000000,1740
58.000000,1749
57.000000,1754
56.000000,1763
55.000000,1768
54.000000,1776
53.000000,1781
52.000000,1787
51.000000,1792
50.000000,1804
49.000000,1807
48.000000,1813
47.000000,1824
46.000000,1830
45.000000,1837
44.000000,1846
43.000000,1852
42.000000,1858
41.000000,1867
40.000000,1874
39.000000,1882
38.000000,1891
37.000000,1895
36.000000,1902
35.000000,1913
34.000000,1917
33.000000,1927
32.000000,1933
31.000000,1943
30.000000,1952
29.000000,1958
28.000000,1967
27.000000,1973
26.000000,1976
25.000000,1986
24.000000,1993
23.000000,1993
22.000000,2007
21.000000,2013
20.000000,2021
19.000000,2028
18.000000,2037
17.000000,2046
16.000000,2054
15.000000,2065
14.000000,2067
13.000000,2075
12.000000,2083
11.000000,2088
10.000000,2102
9.000000,2105
8.000000,2114
7.000000,2122
6.000000,2131
5.000000,2137
4.000000,2143
3.000000,2155
2.000000,2160
1.000000,2162
0.000000,2175
-1.000000,2182
-2.000000,2186
-3.000000,2196
-4.000000,2203
-5.000000,2212
-6.000000,2218
-7.000000,2226
-8.000000,2235
-9.000000,2241
-10.000000,2246
-11.000000,2258
-12.000000,2262
-13.000000,2268
-14.000000,2280
-15.000000,2281
-16.000000,2289
-17.000000,2296
-18.000000,2308
-19.000000,2312
-20.000000,2321
-21.000000,2329
-22.000000,2333
-23.000000,2341
-24.000000,2348
-25.000000,2357
-26.000000,2363
-27.000000,2371
-28.000000,2377
-29.000000,2381
-30.000000,2391
-31.000000,2394
-32.000000,2401
-33.000000,2407
-34.000000,2412
-35.000000,2420
-36.000000,2427
-37.000000,2430
-38.000000,2438
-39.000000,2446
-40.000000,2456
-41.000000,2462
-42.000000,2466
-43.000000,2471
-44.000000,2482
-45.000000,2485
-46.000000,2493
-47.000000,2503
-48.000000,2508
-49.000000,2516
-50.000000,2519
-51.000000,2527
-52.000000,2534
-53.000000,2545
-54.000000,2543
-55.000000,2554
-56.000000,2565
-57.000000,2566
-58.000000,2581
-59.000000,2585
-60.000000,2594
-61.000000,2599
-62.000000,2607
-63.000000,2615
-64.000000,2623
-65.000000,2627
-66.000000,2641
-67.000000,2643
-68.000000,2649
-69.000000,2657
-70.000000,2667
-71.000000,2674
-72.000000,2681
-73.000000,2689
-74.000000,2698
-75.000000,2703
-76.000000,2712
-77.000000,2719
-78.000000,2729
-79.000000,2732
-80.000000,2744
-81.000000,2749
-82.000000,2751
-83.000000,2757
-84.000000,2773
-85.000000,2776
-86.000000,2784
-87.000000,2786
-88.000000,2795
-89.000000,2803
-90.000000,2810
-91.000000,2818
-92.000000,2825
-93.000000,2831
-94.000000,2838
-95.000000,2847
-96.000000,2854
-97.000000,2864
-98.000000,2873
-99.000000,2878
-100.000000,2887
-101.000000,2893
-102.000000,2901
-103.000000,2904
-104.000000,2908
-105.000000,2918
-106.000000,2922
-107.000000,2926
-108.000000,2939
-109.000000,2945
-110.000000,2951
-111.000000,2958
-112.000000,2966
-113.000000,2966
-114.000000,2973
-115.000000,2984
-116.000000,2989
-117.000000,2998
-118.000000,3002
-119.000000,3008
-120.000000,3014
-121.000000,3019
-122.000000,3025
-123.000000,3034
-124.000000,3039
-125.000000,3049
-126.000000,3060
-127.000000,3064
-128.000000,3068
-129.000000,3077
-130.000000,3087
-131.000000,3094
-132.000000,3100
-133.000000,3112
-134.000000,3115
-135.000000,3123
-136.000000,3127
-137.000000,3136
-138.000000,3142
-139.000000,3144
-140.000000,3160
-141.000000,3162
-142.000000,3165
-143.000000,3178
-144.000000,3182
-145.000000,3188
-146.000000,3196
-147.000000,3203
-148.000000,3208
-149.000000,3213
-150.000000,3219
-151.000000,3222
-152.000000,3234
-153.000000,3235
-154.000000,3240
-155.000000,3247
-156.000000,3258
-157.000000,3268
-158.000000,3271
-159.000000,3271
-160.000000,3277
-161.000000,3285
-162.000000,3291
-163.000000,3296
-164.000000,3299
-165.000000,3306
-166.000000,3310
-167.000000,3314
-168.000000,3317
-169.000000,3322
-170.000000,3328
-171.000000,3327
-172.000000,3339
-173.000000,3347
-174.000000,3349
-175.000000,3354
-176.000000,3365
-177.000000,3364
-178.000000,3370
-179.000000,3374
-180.000000,3381
-181.000000,3386
-182.000000,3392
-183.000000,3395
-184.000000,3398
-185.000000,3405
-186.000000,3406
-187.000000,3412
-188.000000,3416
-189.000000,3415
-190.000000,3416
-191.000000,3416
-192.000000,3414
-193.000000,3416
-194.000000,3416
-195.000000,3414
-196.000000,3416
-197.000000,3413
-198.000000,3414
-199.000000,3411
-200.000000,3415
-201.000000,3416
-202.000000,3415
-203.000000,3413
-204.000000,3415
-205.000000,3415
-206.000000,3415
-207.000000,3415
-208.000000,3414
-209.000000,3414
-210.000000,3414
-211.000000,3414
-212.000000,3409
-213.000000,3412
-214.000000,3412
-215.000000,3411
-216.000000,3410
-217.000000,3406
-218.000000,3405
-219.000000,3407
-220.000000,3401
-221.000000,3399
-222.000000,3393
-223.000000,3391
-224.000000,3387
-225.000000,3383
-226.000000,3377
-227.000000,3372
-228.000000,3372
-229.000000,3367
-230.000000,3364
-231.000000,3363
-232.000000,3356
-233.000000,3352
-234.000000,3348
-235.000000,3341
-236.000000,3336
-237.000000,3331
-238.000000,3325
-239.000000,3321
-240.000000,3317
-241.000000,3309
-242.000000,3303
-243.000000,3300
-244.000000,3291
-245.000000,3289
-246.000000,3275
-247.000000,3272
-248.000000,3268
-249.000000,3261
-250.000000,3253
-251.000000,3247
-252.000000,3237
-253.000000,3237
-254.000000,3229
-255.000000,3223
-256.000000,3214
-257.000000,3210
-258.000000,3202
-259.000000,3193
-260.000000,3190
-261.000000,3182
-262.000000,3177
-263.000000,3164
-264.000000,3163
-265.000000,3157
-266.000000,3145
-267.000000,3140
-268.000000,3133
-269.000000,3129
-270.000000,3119
-271.000000,3115
-272.000000,3105
-273.000000,3096
-274.000000,3091
-275.000000,3085
-276.000000,3070
-277.000000,3066
-278.000000,3060
-279.000000,3050
-280.000000,3046
-281.000000,3034
-282.000000,3026
-283.000000,3016
-284.000000,3012
-285.000000,3004
-286.000000,2996
-287.000000,2989
-288.000000,2983
-289.000000,2972
-290.000000,2966
-291.000000,2965
-292.000000,2955
-293.000000,2949
-294.000000,2940
-295.000000,2930
-296.000000,2923
-297.000000,2916
-298.000000,2907
-299.000000,2901
-300.000000,2887
-301.000000,2884
-302.000000,2875
-303.000000,2865
-304.000000,2856
-305.000000,2849
-306.000000,2842
-307.000000,2832
-308.000000,2826
-309.000000,2826
-310.000000,2816
-311.000000,2806
-312.000000,2801
-313.000000,2797
-314.000000,2789
-315.000000,2783
-316.000000,2779
-317.000000,2770
-318.000000,2765
-319.000000,2756
-320.000000,2749
-321.000000,2745
-322.000000,2734
-323.000000,2730
-324.000000,2722
-325.000000,2717
-326.000000,2709
-327.000000,2701
-328.000000,2696
-329.000000,2692
-330.000000,2682
-331.000000,2672
-332.000000,2672
-333.000000,2662
-334.000000,2658
-335.000000,2649
-336.000000,2642
-337.000000,2638
-338.000000,2630
-339.000000,2623
-340.000000,2616
-341.000000,2611
-342.000000,2604
-343.000000,2596
-344.000000,2588
-345.000000,2582
-346.000000,2572
-347.000000,2566
-348.000000,2557
-349.000000,2550
-350.000000,2542
-351.000000,2535
-352.000000,2529
-353.000000,2523
-354.000000,2512
-355.000000,2506
-356.000000,2501
-357.000000,2492
-358.000000,2487
-359.000000,2478
-360.000000,2467
-361.000000,2462
-360.000000,2457
-359.000000,2442
-358.000000,2439
-357.000000,2435
-356.000000,2426
-355.000000,2414
-354.000000,2411
-353.000000,2403
-352.000000,2398
-351.000000,2393
-350.000000,2385
-349.000000,2377
-348.000000,2372
-347.000000,2365
-346.000000,2358
-345.000000,2347
-344.000000,2340
-343.000000,2334
-342.000000,2329
-341.000000,2318
-340.000000,2310
-339.000000,2308
-338.000000,2297
-337.000000,2286
-336.000000,2282
-335.000000,2276
-334.000000,2268
-333.000000,2257
-332.000000,2255
-331.000000,2245
-330.000000,2236
-329.000000,2230
-328.000000,2223
-327.000000,2214
-326.000000,2207
-325.000000,2198
-324.000000,2193
-323.000000,2185
-322.000000,2180
-321.000000,2173
-320.000000,2162
-319.000000,2158
-318.000000,2152
-317.000000,2144
-316.000000,2133
-315.000000,2126
-314.000000,2120
-313.000000,2114
-312.000000,2105
-311.000000,2104
-310.000000,2092
-309.000000,2086
-308.000000,2080
-307.000000,2072
-306.000000,2066
-305.000000,2054
-304.000000,2050
-303.000000,2039
-302.000000,2030
-301.000000,2026
-300.000000,2016
-299.000000,2011
-298.000000,2008
-297.000000,1994
-296.000000,1987
-295.000000,1986
-294.000000,1978
-293.000000,1973
-292.000000,1965
-291.000000,1960
-290.000000,1954
-289.000000,1949
-288.000000,1937
-287.000000,1937
-286.000000,1930
-285.000000,1920
-284.000000,1911
-283.000000,1909
-282.000000,1903
-281.000000,1895
-280.000000,1889
-279.000000,1884
-278.000000,1872
-277.000000,1868
-276.000000,1866
-275.000000,1856
-274.000000,1850
-273.000000,1840
-272.000000,1833
-271.000000,1826
-270.000000,1817
-269.000000,1809
-268.000000,1806
-267.000000,1794
-266.000000,1790
-265.000000,1778
-264.000000,1774
-263.000000,1768
-262.000000,1761
-261.000000,1748
-260.000000,1744
-259.000000,1738
-258.000000,1734
-257.000000,1728
-256.000000,1723
-255.000000,1714
-254.000000,1706
-253.000000,1698
-252.000000,1685
-251.000000,1685
-250.000000,1673
-249.000000,1671
-248.000000,1660
-247.000000,1654
-246.000000,1653
-245.000000,1643
-244.000000,1633
-243.000000,1625
-242.000000,1617
-241.000000,1609
-240.000000,1605
-239.000000,1597
-238.000000,1589
-237.000000,1584
-236.000000,1579
-235.000000,1575
-234.000000,1570
-233.000000,1564
-232.000000,1559
-231.000000,1549
-230.000000,1550
-229.000000,1544
-228.000000,1531
-227.000000,1529
-226.000000,1526
-225.000000,1520
-224.000000,1515
-223.000000,1510
-222.000000,1499
-221.000000,1497
-220.000000,1489
-219.000000,1485
-218.000000,1477
-217.000000,1473
-216.000000,1468
-215.000000,1464
-214.000000,1459
-213.000000,1459
-212.000000,1453
-211.000000,1451
-210.000000,1447
-209.000000,1441
-208.000000,1435
-207.000000,1435
-206.000000,1429
-205.000000,1427
-204.000000,1425
-203.000000,1418
-202.000000,1414
-201.000000,1412
-200.000000,1409
-199.000000,1408
-198.000000,1407
-197.000000,1404
-196.000000,1398
-195.000000,1398
-194.000000,1393
-193.000000,1391
-192.000000,1386
-191.000000,1389
-190.000000,1385
-189.000000,1384
-188.000000,1385
-187.000000,1382
-186.000000,1381
-185.000000,1379
-184.000000,1379
-183.000000,1380
-182.000000,1380
-181.000000,1381
-180.000000,1378
-179.000000,1377
-178.000000,1378
-177.000000,1377
-176.000000,1373
-175.000000,1373
-174.000000,1373
-173.000000,1372
-172.000000,1372
-171.000000,1372
-170.000000,1371
-169.000000,1372
-168.000000,1372
-167.000000,1373
-166.000000,1374
-165.000000,1371
-164.000000,1371
-163.000000,1369
-162.000000,1369
-161.000000,1368
-160.000000,1366
-159.000000,1365
-158.000000,1368
-157.000000,1367
-156.000000,1369
-155.000000,1364
-154.000000,1362
-153.000000,1363
-152.000000,1361
-151.000000,1362
-150.000000,1364
-149.000000,1364
-148.000000,1361
-147.000000,1363
-146.000000,1362
-145.000000,1362
-144.000000,1362
-143.000000,1365
-142.000000,1362
-141.000000,1361
-140.000000,1362
-139.000000,1362
-138.000000,1361
-137.000000,1362
-136.000000,1362
-135.000000,1363
-134.000000,1362
-133.000000,1363
-132.000000,1365
-131.000000,1364
-130.000000,1367
-129.000000,1369
-128.000000,1373
-127.000000,1375
-126.000000,1376
-125.000000,1377
-124.000000,1378
-123.000000,1377
-122.000000,1376
-121.000000,1376
-120.000000,1376
-119.000000,1374
-118.000000,1377
-117.000000,1376
-116.000000,1381
-115.000000,1384
-114.000000,1387
-113.000000,1387
-112.000000,1390
-111.000000,1395
-110.000000,1397
-109.000000,1407
-108.000000,1409
-107.000000,1411
-106.000000,1418
-105.000000,1424
-104.000000,1428
-103.000000,1435
-102.000000,1441
-101.000000,1444
-100.000000,1451
-99.000000,1459
-98.000000,1460
-97.000000,1469
-96.000000,1475
-95.000000,1482
-94.000000,1491
-93.000000,1497
-92.000000,1503
-91.000000,1510
-90.000000,1513
-89.000000,1523
-88.000000,1531
-87.000000,1534
-86.000000,1547
-85.000000,1548
-84.000000,1560
-83.000000,1566
-82.000000,1577
-81.000000,1582
-80.000000,1591
-79.000000,1597
-78.000000,1606
-77.000000,1616
-76.000000,1622
-75.000000,1632
-74.000000,1640
-73.000000,1650
-72.000000,1659
-71.000000,1668
-70.000000,1674
-69.000000,1687
-68.000000,1697
-67.000000,1705
-66.000000,1710
-65.000000,1727
-64.000000,1732
-63.000000,1742
-62.000000,1753
-61.000000,1767
-60.000000,1780
-59.000000,1790
-58.000000,1801
-57.000000,1804
-56.000000,1825
-55.000000,1838
-54.000000,1850
-53.000000,1857
-52.000000,1869
-51.000000,1881
-50.000000,1892
-49.000000,1903
-48.000000,1914
-47.000000,1928
-46.000000,1939
-45.000000,1951
-44.000000,1961
-43.000000,1971
-42.000000,1985
-41.000000,1993
-40.000000,2006
-39.000000,2017
-38.000000,2029
-37.000000,2045
-36.000000,2064
-35.000000,2074
-34.000000,2089
-33.000000,2100
-32.000000,2113
-31.000000,2125
-30.000000,2141
-29.000000,2152
-28.000000,2166
-27.000000,2177
-26.000000,2189
-25.000000,2205
-24.000000,2219
-23.000000,2231
-22.000000,2243
-21.000000,2259
-20.000000,2274
-19.000000,2283
-18.000000,2301
-17.000000,2313
-16.000000,2323
-15.000000,2335
-14.000000,2347
-13.000000,2362
-12.000000,2370
-11.000000,2383
-10.000000,2394
-9.000000,2404
-8.000000,2415
-7.000000,2428
-6.000000,2438
-5.000000,2452
-4.000000,2465
-3.000000,2477
-2.000000,2485
-1.000000,2501
0.000000,2514
1.000000,2522
2.000000,2532
3.000000,2544
4.000000,2555
5.000000,2569
6.000000,2584
7.000000,2594
8.000000,2604
9.000000,2617
10.000000,2629
11.000000,2641
12.000000,2651
13.000000,2659
14.000000,2672
15.000000,2683
16.000000,2696
17.000000,2705
18.000000,2717
19.000000,2727
20.000000,2742
21.000000,2751
22.000000,2766
23.000000,2781
24.000000,2786
25.000000,2799
26.000000,2811
27.000000,2822
28.000000,2833
29.000000,2848
30.000000,2864
31.000000,2873
32.000000,2887
33.000000,2901
34.000000,2911
35.000000,2920
36.000000,2935
37.000000,2951
38.000000,2954
39.000000,2966
40.000000,2973
41.000000,2983
42.000000,2993
43.000000,3004
44.000000,3013
45.000000,3027
46.000000,3039
47.000000,3049
48.000000,3064
49.000000,3069
50.000000,3086
51.000000,3093
52.000000,3107
53.000000,3117
54.000000,3127
55.000000,3136
56.000000,3145
57.000000,3159
58.000000,3165
59.000000,3181
60.000000,3190
61.000000,3198
62.000000,3213
63.000000,3222
64.000000,3237
65.000000,3240
66.000000,3257
67.000000,3265
68.000000,3275
69.000000,3288
70.000000,3299
71.000000,3307
72.000000,3317
73.000000,3326
74.000000,3331
75.000000,3346
76.000000,3354
77.000000,3363
78.000000,3372
79.000000,3380
80.000000,3390
81.000000,3395
82.000000,3399
83.000000,3407
84.000000,3415
85.000000,3419
86.000000,3422
87.000000,3428
88.000000,3439
89.000000,3441
90.000000,3440
91.000000,3445
92.000000,3447
93.000000,3448
94.000000,3450
95.000000,3456
96.000000,3457
97.000000,3457
98.000000,3456
99.000000,3457
100.000000,3457
101.000000,3457
102.000000,3457
103.000000,3457
104.000000,3456
105.000000,3458
106.000000,3454
107.000000,3446
108.000000,3449
109.000000,3447
110.000000,3442
111.000000,3441
112.000000,3428
113.000000,3421
114.000000,3417
115.000000,3411
116.000000,3403
117.000000,3395
118.000000,3390
119.000000,3375
120.000000,3371
121.000000,3364
122.000000,3353
123.000000,3349
124.000000,3333
125.000000,3329
126.000000,3318
127.000000,3308
128.000000,3298
129.000000,3291
130.000000,3280
131.000000,3273
132.000000,3270
133.000000,3259
134.000000,3248
135.000000,3237
136.000000,3223
137.000000,3217
138.000000,3207
139.000000,3196
140.000000,3185
141.000000,3176
142.000000,3163
143.000000,3149
144.000000,3139
145.000000,3128
146.000000,3118
147.000000,3103
148.000000,3090
149.000000,3077
150.000000,3064
151.000000,3055
152.000000,3041
153.000000,3026
154.000000,3015
155.000000,3007
156.000000,2995
157.000000,2987
158.000000,2972
159.000000,2966
160.000000,2954
161.000000,2942
162.000000,2928
163.000000,2917
164.000000,2900
165.000000,2889
166.000000,2876
167.000000,2863
168.000000,2849
169.000000,2838
170.000000,2825
171.000000,2812
172.000000,2801
173.000000,2788
174.000000,2777
175.000000,2760
176.000000,2750
177.000000,2735
178.000000,2718
179.000000,2706
180.000000,2695
181.000000,2683
182.000000,2665
183.000000,2658
184.000000,2643
185.000000,2631
186.000000,2616
187.000000,2604
188.000000,2596
189.000000,2582
190.000000,2566
191.000000,2553
192.000000,2543
193.000000,2536
194.000000,2516
195.000000,2511
196.000000,2496
197.000000,2484
198.000000,2473
199.000000,2465
200.000000,2450
201.000000,2439
202.000000,2426
203.000000,2414
204.000000,2403
205.000000,2397
206.000000,2386
207.000000,2376
208.000000,2365
209.000000,2357
210.000000,2344
211.000000,2332
212.000000,2323
213.000000,2310
214.000000,2300
215.000000,2286
216.000000,2280
217.000000,2270
218.000000,2259
219.000000,2247
220.000000,2236
221.000000,2226
222.000000,2218
223.000000,2207
224.000000,2197
225.000000,2184
226.000000,2179
227.000000,2168
228.000000,2160
229.000000,2151
230.000000,2142
231.000000,2129
232.000000,2128
233.000000,2110
234.000000,2106
235.000000,2101
236.000000,2091
237.000000,2077
238.000000,2070
239.000000,2060
240.000000,2045
241.000000,2027
242.000000,2016
243.000000,2002
244.000000,1986
245.000000,1973
246.000000,1956
247.000000,1940
248.000000,1918
249.000000,1895
250.000000,1880
251.000000,1867
252.000000,1844
253.000000,1841
254.000000,1830
255.000000,1819
256.000000,1814
257.000000,1804
258.000000,1788
259.000000,1777
260.000000,1760
261.000000,1751
262.000000,1744
263.000000,1735
264.000000,1721
265.000000,1707
266.000000,1701
267.000000,1689
268.000000,1685
269.000000,1671
270.000000,1665
271.000000,1651
272.000000,1642
273.000000,1631
274.000000,1619
275.000000,1604
276.000000,1593
277.000000,1580
278.000000,1567
279.000000,1551
280.000000,1542
281.000000,1533
282.000000,1516
283.000000,1506
284.000000,1494
285.000000,1483
286.000000,1471
287.000000,1456
288.000000,1449
289.000000,1441
290.000000,1427
291.000000,1419
292.000000,1407
293.000000,1400
294.000000,1387
295.000000,1376
296.000000,1363
297.000000,1360
298.000000,1349
299.000000,1341
300.000000,1328
301.000000,1317
302.000000,1305
303.000000,1302
304.000000,1288
305.000000,1279
306.000000,1274
307.000000,1273
308.000000,1272
309.000000,1265
310.000000,1251
311.000000,1249
312.000000,1243
313.000000,1236
314.000000,1230
315.000000,1229
316.000000,1223
317.000000,1215
318.000000,1214
319.000000,1207
320.000000,1204
321.000000,1198
322.000000,1193
323.000000,1192
324.000000,1187
325.000000,1184
326.000000,1187
327.000000,1181
328.000000,1182
329.000000,1178
330.000000,1175
331.000000,1174
332.000000,1173
333.000000,1172
334.000000,1170
335.000000,1173
336.000000,1167
337.000000,1170
338.000000,1170
339.000000,1171
340.000000,1169
341.000000,1172
342.000000,1172
343.000000,1170
344.000000,1172
345.000000,1172
346.000000,1172
347.000000,1175
348.000000,1174
349.000000,1181
350.000000,1186
351.000000,1192
352.000000,1191
353.000000,1198
354.000000,1205
355.000000,1208
356.000000,1214
357.000000,1218
358.000000,1228
359.000000,1234
360.000000,1235
361.000000,1246
360.000000,1251
359.000000,1257
358.000000,1267
357.000000,1273
356.000000,1278
355.000000,1289
354.000000,1297
353.000000,1301
352.000000,1310
351.000000,1324
350.000000,1328
349.000000,1344
348.000000,1351
347.000000,1360
346.000000,1373
345.000000,1382
344.000000,1392
343.000000,1407
342.000000,1410
341.000000,1419
340.000000,1426
339.000000,1441
338.000000,1453
337.000000,1459
336.000000,1472
335.000000,1480
334.000000,1493
333.000000,1501
332.000000,1514
331.000000,1530
330.000000,1537
329.000000,1547
328.000000,1562
327.000000,1579
326.000000,1587
325.000000,1601
324.000000,1611
323.000000,1623
322.000000,1638
321.000000,1651
320.000000,1664
319.000000,1675
318.000000,1687
317.000000,1700
316.000000,1711
315.000000,1729
314.000000,1735
313.000000,1753
312.000000,1766
311.000000,1781
310.000000,1799
309.000000,1804
308.000000,1828
307.000000,1839
306.000000,1852
305.000000,1868
304.000000,1876
303.000000,1891
302.000000,1904
301.000000,1915
300.000000,1932
299.000000,1943
298.000000,1956
297.000000,1970
296.000000,1986
295.000000,1992
294.000000,2012
293.000000,2023
292.000000,2038
291.000000,2055
290.000000,2068
289.000000,2086
288.000000,2096
287.000000,2110
286.000000,2127
285.000000,2142
284.000000,2154
283.000000,2166
282.000000,2182
281.000000,2196
280.000000,2207
279.000000,2223
278.000000,2237
277.000000,2251
276.000000,2265
275.000000,2280
274.000000,2289
273.000000,2303
272.000000,2320
271.000000,2330
270.000000,2342
269.000000,2352
268.000000,2365
267.000000,2377
266.000000,2385
265.000000,2394
264.000000,2406
263.000000,2412
262.000000,2425
261.000000,2432
260.000000,2445
259.000000,2460
258.000000,2465
257.000000,2477
256.000000,2487
255.000000,2499
254.000000,2507
253.000000,2517
252.000000,2521
251.000000,2532
250.000000,2544
249.000000,2551
248.000000,2563
247.000000,2569
246.000000,2581
245.000000,2591
244.000000,2597
243.000000,2608
242.000000,2620
241.000000,2625
240.000000,2633
239.000000,2641
238.000000,2649
237.000000,2660
236.000000,2668
235.000000,2676
234.000000,2686
233.000000,2697
232.000000,2703
231.000000,2715
230.000000,2726
229.000000,2733
228.000000,2747
227.000000,2750
226.000000,2768
225.000000,2772
224.000000,2780
223.000000,2786
222.000000,2793
221.000000,2800
220.000000,2807
219.000000,2809
218.000000,2822
217.000000,2825
216.000000,2834
215.000000,2839
214.000000,2848
213.000000,2855
212.000000,2865
211.000000,2875
210.000000,2882
209.000000,2890
208.000000,2901
207.000000,2902
206.000000,2912
205.000000,2918
204.000000,2924
203.000000,2928
202.000000,2937
201.000000,2937
200.000000,2948
199.000000,2954
198.000000,2952
197.000000,2958
196.000000,2963
195.000000,2964
194.000000,2967
193.000000,2978
192.000000,2985
191.000000,2990
190.000000,2993
189.000000,3000
188.000000,3003
187.000000,3011
186.000000,3013
185.000000,3014
184.000000,3018
183.000000,3021
182.000000,3027
181.000000,3028
180.000000,3034
179.000000,3033
178.000000,3040
177.000000,3038
176.000000,3043
175.000000,3043
174.000000,3050
173.000000,3049
172.000000,3049
171.000000,3054
170.000000,3057
169.000000,3062
168.000000,3063
167.000000,3064
166.000000,3067
165.000000,3067
164.000000,3065
163.000000,3065
162.000000,3065
161.000000,3067
160.000000,3066
159.000000,3067
158.000000,3064
157.000000,3064
156.000000,3067
155.000000,3066
154.000000,3067
153.000000,3067
152.000000,3064
151.000000,3061
150.000000,3057
149.000000,3051
148.000000,3048
147.000000,3044
146.000000,3036
145.000000,3033
144.000000,3027
143.000000,3019
142.000000,3015
141.000000,3010
140.000000,3002
139.000000,2995
138.000000,2990
137.000000,2984
136.000000,2977
135.000000,2967
134.000000,2966
133.000000,2958
132.000000,2951
131.000000,2946
130.000000,2935
129.000000,2926
128.000000,2918
127.000000,2915
126.000000,2903
125.000000,2900
124.000000,2889
123.000000,2885
122.000000,2876
121.000000,2866
120.000000,2861
119.000000,2849
118.000000,2846
117.000000,2834
116.000000,2831
115.000000,2825
114.000000,2823
113.000000,2808
112.000000,2803
111.000000,2794
110.000000,2789
109.000000,2783
108.000000,2776
107.000000,2769
106.000000,2759
105.000000,2752
104.000000,2743
103.000000,2731
102.000000,2727
101.000000,2716
100.000000,2708
99.000000,2699
98.000000,2690
97.000000,2681
96.000000,2673
95.000000,2661
94.000000,2649
93.000000,2645
92.000000,2638
91.000000,2629
90.000000,2617
89.000000,2611
88.000000,2598
87.000000,2589
86.000000,2582
85.000000,2566
84.000000,2559
83.000000,2548
82.000000,2540
81.000000,2529
80.000000,2519
79.000000,2511
78.000000,2502
77.000000,2491
76.000000,2485
75.000000,2475
74.000000,2465
73.000000,2458
72.000000,2442
71.000000,2433
70.000000,2425
69.000000,2410
68.000000,2398
67.000000,2392
66.000000,2382
65.000000,2376
64.000000,2365
63.000000,2354
62.000000,2348
61.000000,2334
60.000000,2332
59.000000,2317
58.000000,2307
57.000000,2298
56.000000,2283
55.000000,2279
54.000000,2268
53.000000,2258
52.000000,2243
51.000000,2236
50.000000,2223
49.000000,2214
48.000000,2201
47.000000,2188
46.000000,2181
45.000000,2167
44.000000,2157
43.000000,2148
42.000000,2137
41.000000,2126
40.000000,2115
39.000000,2106
38.000000,2104
37.000000,2093
36.000000,2084
35.000000,2075
34.000000,2061
33.000000,2043
32.000000,2024
31.000000,2015
30.000000,2008
29.000000,1991
28.000000,1981
27.000000,1971
26.000000,1957
25.000000,1949
24.000000,1936
23.000000,1932
22.000000,1916
21.000000,1913
20.000000,1904
19.000000,1900
18.000000,1891
17.000000,1890
16.000000,1878
15.000000,1866
14.000000,1857
13.000000,1848
12.000000,1838
11.000000,1828
10.000000,1824
9.000000,1814
8.000000,1805
7.000000,1803
6.000000,1794
5.000000,1786
4.000000,1779
3.000000,1773
2.000000,1765
1.000000,1760
0.000000,1754
-1.000000,1747
-2.000000,1736
-3.000000,1733
-4.000000,1729
-5.000000,1728
-6.000000,1716
-7.000000,1712
-8.000000,1704
-9.000000,1701
-10.000000,1685
-11.000000,1684
-12.000000,1677
-13.000000,1669
-14.000000,1664
-15.000000,1652
-16.000000,1651
-17.000000,1641
-18.000000,1635
-19.000000,1633
-20.000000,1623
-21.000000,1614
-22.000000,1605
-23.000000,1601
-24.000000,1596
-25.000000,1590
-26.000000,1581
-27.000000,1577
-28.000000,1572
-29.000000,1563
-30.000000,1557
-31.000000,1547
-32.000000,1547
-33.000000,1544
-34.000000,1535
-35.000000,1525
-36.000000,1519
-37.000000,1516
-38.000000,1511
-39.000000,1504
-40.000000,1503
-41.000000,1493
-42.000000,1489
-43.000000,1478
-44.000000,1474
-45.000000,1470
-46.000000,1461
-47.000000,1460
-48.000000,1452
-49.000000,1450
-50.000000,1444
-51.000000,1439
-52.000000,1435
-53.000000,1428
-54.000000,1428
-55.000000,1423
-56.000000,1418
-57.000000,1412
-58.000000,1411
-59.000000,1408
-60.000000,1405
-61.000000,1408
-62.000000,1405
-63.000000,1397
-64.000000,1399
-65.000000,1397
-66.000000,1398
-67.000000,1401
-68.000000,1397
-69.000000,1398
-70.000000,1396
-71.000000,1396
-72.000000,1400
-73.000000,1406
-74.000000,1406
-75.000000,1409
-76.000000,1410
-77.000000,1416
-78.000000,1423
-79.000000,1425
-80.000000,1436
-81.000000,1441
-82.000000,1452
-83.000000,1458
-84.000000,1462
-85.000000,1471
-86.000000,1474
-87.000000,1490
-88.000000,1499
-89.000000,1502
-90.000000,1512
-91.000000,1522
-92.000000,1531
-93.000000,1544
-94.000000,1546
-95.000000,1564
-96.000000,1575
-97.000000,1582
-98.000000,1591
-99.000000,1602
-100.000000,1613
-101.000000,1623
-102.000000,1635
-103.000000,1649
-104.000000,1662
-105.000000,1667
-106.000000,1684
-107.000000,1696
-108.000000,1707
-109.000000,1724
-110.000000,1731
-111.000000,1748
-112.000000,1761
-113.000000,1775
-114.000000,1788
-115.000000,1802
-116.000000,1814
-117.000000,1829
-118.000000,1848
-119.000000,1860
-120.000000,1871
-121.000000,1887
-122.000000,1903
-123.000000,1915
-124.000000,1925
-125.000000,1939
-126.000000,1951
-127.000000,1963
-128.000000,1975
-129.000000,1984
-130.000000,1995
-131.000000,2011
-132.000000,2022
-133.000000,2033
-134.000000,2052
-135.000000,2065
-136.000000,2079
-137.000000,2089
-138.000000,2101
-139.000000,2114
-140.000000,2128
-141.000000,2139
-142.000000,2151
-143.000000,2165
-144.000000,2175
-145.000000,2186
-146.000000,2199
-147.000000,2212
-148.000000,2224
-149.000000,2236
-150.000000,2247
-151.000000,2259
-152.000000,2271
-153.000000,2283
-154.000000,2295
-155.000000,2308
-156.000000,2320
-157.000000,2329
-158.000000,2331
-159.000000,2342
-160.000000,2361
-161.000000,2369
-162.000000,2379
-163.000000,2385
-164.000000,2394
-165.000000,2404
-166.000000,2414
-167.000000,2424
-168.000000,2428
-169.000000,2434
-170.000000,2447
-171.000000,2455
-172.000000,2464
-173.000000,2466
-174.000000,2479
-175.000000,2488
-176.000000,2500
-177.000000,2508
-178.000000,2515
-179.000000,2521
-180.000000,2533
-181.000000,2544
-182.000000,2549
-183.000000,2560
-184.000000,2569
-185.000000,2582
-186.000000,2588
-187.000000,2596
-188.000000,2605
-189.000000,2618
-190.000000,2623
-191.000000,2630
-192.000000,2642
-193.000000,2648
-194.000000,2656
-195.000000,2661
-196.000000,2671
-197.000000,2676
-198.000000,2687
-199.000000,2694
-200.000000,2697
-201.000000,2708
-202.000000,2714
-203.000000,2723
-204.000000,2731
-205.000000,2741
-206.000000,2747
-207.000000,2756
-208.000000,2766
-209.000000,2772
-210.000000,2779
-211.000000,2788
-212.000000,2795
-213.000000,2799
-214.000000,2808
-215.000000,2817
-216.000000,2821
-217.000000,2828
-218.000000,2831
-219.000000,2841
-220.000000,2846
-221.000000,2848
-222.000000,2852
-223.000000,2862
-224.000000,2863
-225.000000,2864
-226.000000,2872
-227.000000,2875
-228.000000,2875
-229.000000,2878
-230.000000,2877
-231.000000,2876
-232.000000,2882
-233.000000,2880
-234.000000,2879
-235.000000,2877
-236.000000,2881
-237.000000,2881
-238.000000,2880
-239.000000,2882
-240.000000,2879
-241.000000,2881
-242.000000,2880
-243.000000,2875
-244.000000,2877
-245.000000,2877
-246.000000,2876
-247.000000,2874
-248.000000,2870
-249.000000,2864
-250.000000,2863
-251.000000,2854
-252.000000,2848
-253.000000,2845
-254.000000,2838
-255.000000,2830
-256.000000,2826
-257.000000,2819
-258.000000,2808
-259.000000,2801
-260.000000,2794
-261.000000,2783
-262.000000,2776
-263.000000,2766
-264.000000,2755
-265.000000,2743
-266.000000,2731
-267.000000,2719
-268.000000,2709
-269.000000,2699
-270.000000,2686
-271.000000,2674
-272.000000,2665
-273.000000,2650
-274.000000,2640
-275.000000,2627
-276.000000,2616
-277.000000,2601
-278.000000,2587
-279.000000,2571
-280.000000,2556
-281.000000,2542
-282.000000,2531
-283.000000,2517
-284.000000,2501
-285.000000,2487
-286.000000,2471
-287.000000,2462
-288.000000,2443
-289.000000,2426
-290.000000,2410
-291.000000,2399
-292.000000,2385
-293.000000,2374
-294.000000,2356
-295.000000,2338
-296.000000,2326
-297.000000,2307
-298.000000,2294
-299.000000,2278
-300.000000,2259
-301.000000,2243
-302.000000,2227
-303.000000,2212
-304.000000,2197
-305.000000,2181
-306.000000,2165
-307.000000,2150
-308.000000,2134
-309.000000,2120
-310.000000,2105
-311.000000,2086
-312.000000,2073
-313.000000,2055
-314.000000,2036
-315.000000,2022
-316.000000,2004
-317.000000,1987
-318.000000,1965
-319.000000,1945
-320.000000,1921
-321.000000,1903
-322.000000,1882
-323.000000,1867
-324.000000,1844
-325.000000,1829
-326.000000,1807
-327.000000,1799
-328.000000,1786
-329.000000,1766
-330.000000,1747
-331.000000,1733
-332.000000,1709
-333.000000,1698
-334.000000,1684
-335.000000,1672
-336.000000,1657
-337.000000,1642
-338.000000,1622
-339.000000,1605
-340.000000,1593
-341.000000,1578
-342.000000,1563
-343.000000,1550
-344.000000,1533
-345.000000,1519
-346.000000,1509
-347.000000,1501
-348.000000,1493
-349.000000,1477
-350.000000,1468
-351.000000,1458
-352.000000,1452
-353.000000,1435
-354.000000,1426
-355.000000,1420
-356.000000,1408
-357.000000,1399
-358.000000,1392
-359.000000,1382
-360.000000,1371
-361.000000,1361
-360.000000,1353
-359.000000,1345
-358.000000,1339
-357.000000,1328
-356.000000,1321
-355.000000,1309
-354.000000,1300
-353.000000,1291
-352.000000,1286
-351.000000,1273
-350.000000,1265
-349.000000,1259
-348.000000,1252
-347.000000,1242
-346.000000,1233
-345.000000,1229
-344.000000,1217
-343.000000,1210
-342.000000,1200
-341.000000,1196
-340.000000,1192
-339.000000,1183
-338.000000,1176
-337.000000,1170
-336.000000,1161
-335.000000,1154
-334.000000,1147
-333.000000,1145
-332.000000,1136
-331.000000,1127
-330.000000,1119
-329.000000,1114
-328.000000,1105
-327.000000,1101
-326.000000,1085
-325.000000,1081
-324.000000,1072
-323.000000,1067
-322.000000,1055
-321.000000,1047
-320.000000,1043
-319.000000,1035
-318.000000,1028
-317.000000,1024
-316.000000,1019
-315.000000,1015
-314.000000,1009
-313.000000,1005
-312.000000,1000
-311.000000,998
-310.000000,992
-309.000000,990
-308.000000,987
-307.000000,981
-306.000000,977
-305.000000,972
-304.000000,971
-303.000000,970
-302.000000,969
-301.000000,968
-300.000000,968
-299.000000,968
-298.000000,967
-297.000000,968
-296.000000,968
-295.000000,969
-294.000000,967
-293.000000,967
-292.000000,968
-291.000000,968
-290.000000,968
-289.000000,969
-288.000000,970
-287.000000,973
-286.000000,982
-285.000000,986
-284.000000,992
-283.000000,995
-282.000000,1002
-281.000000,1003
-280.000000,1015
-279.000000,1022
-278.000000,1024
-277.000000,1040
-276.000000,1046
-275.000000,1058
-274.000000,1066
-273.000000,1079
-272.000000,1083
-271.000000,1104
-270.000000,1113
-269.000000,1126
-268.000000,1137
-267.000000,1145
-266.000000,1162
-265.000000,1175
-264.000000,1186
-263.000000,1200
-262.000000,1209
-261.000000,1225
-260.000000,1233
-259.000000,1251
-258.000000,1265
-257.000000,1274
-256.000000,1290
-255.000000,1302
-254.000000,1312
-253.000000,1328
-252.000000,1342
-251.000000,1358
-250.000000,1369
-249.000000,1382
-248.000000,1398
-247.000000,1408
-246.000000,1421
-245.000000,1435
-244.000000,1450
-243.000000,1458
-242.000000,1474
-241.000000,1487
-240.000000,1501
-239.000000,1512
-238.000000,1525
-237.000000,1534
-236.000000,1550
-235.000000,1563
-234.000000,1575
-233.000000,1586
-232.000000,1600
-231.000000,1610
-230.000000,1623
-229.000000,1635
-228.000000,1650
-227.000000,1661
-226.000000,1670
-225.000000,1685
-224.000000,1696
-223.000000,1705
-222.000000,1718
-221.000000,1730
-220.000000,1736
-219.000000,1748
-218.000000,1757
-217.000000,1767
-216.000000,1776
-215.000000,1784
-214.000000,1791
-213.000000,1803
-212.000000,1805
-211.000000,1811
-210.000000,1820
-209.000000,1828
-208.000000,1838
-207.000000,1842
-206.000000,1848
-205.000000,1852
-204.000000,1859
-203.000000,1867
-202.000000,1867
-201.000000,1870
-200.000000,1874
-199.000000,1880
-198.000000,1881
-197.000000,1886
-196.000000,1889
-195.000000,1889
-194.000000,1891
-193.000000,1890
-192.000000,1892
-191.000000,1893
-190.000000,1891
-189.000000,1890
-188.000000,1890
-187.000000,1886
-186.000000,1886
-185.000000,1883
-184.000000,1879
-183.000000,1874
-182.000000,1871
-181.000000,1867
-180.000000,1867
-179.000000,1854
-178.000000,1844
-177.000000,1839
-176.000000,1831
-175.000000,1824
-174.000000,1809
-173.000000,1806
-172.000000,1793
-171.000000,1784
-170.000000,1776
-169.000000,1763
-168.000000,1752
-167.000000,1742
-166.000000,1733
-165.000000,1725
-164.000000,1710
-163.000000,1697
-162.000000,1686
-161.000000,1673
-160.000000,1665
-159.000000,1653
-158.000000,1637
-157.000000,1621
-156.000000,1612
-155.000000,1597
-154.000000,1587
-153.000000,1576
-152.000000,1563
-151.000000,1550
-150.000000,1544
-149.000000,1531
-148.000000,1519
-147.000000,1511
-146.000000,1499
-145.000000,1490
-144.000000,1477
-143.000000,1462
-142.000000,1455
-141.000000,1442
-140.000000,1427
-139.000000,1415
-138.000000,1401
-137.000000,1393
-136.000000,1377
-135.000000,1366
-134.000000,1352
-133.000000,1343
-132.000000,1329
-131.000000,1318
-130.000000,1303
-129.000000,1292
-128.000000,1283
-127.000000,1271
-126.000000,1268
-125.000000,1253
-124.000000,1248
-123.000000,1238
-122.000000,1233
-121.000000,1224
-120.000000,1215
-119.000000,1204
-118.000000,1198
-117.000000,1188
-116.000000,1181
-115.000000,1169
-114.000000,1163
-113.000000,1150
-112.000000,1146
-111.000000,1135
-110.000000,1129
-109.000000,1121
-108.000000,1113
-107.000000,1105
-106.000000,1102
-105.000000,1090
-104.000000,1084
-103.000000,1080
-102.000000,1073
-101.000000,1069
-100.000000,1068
-99.000000,1057
-98.000000,1055
-97.000000,1050
-96.000000,1047
-95.000000,1047
-94.000000,1043
-93.000000,1043
-92.000000,1044
-91.000000,1042
-90.000000,1043
-89.000000,1043
-88.000000,1044
-87.000000,1042
-86.000000,1043
-85.000000,1044
-84.000000,1042
-83.000000,1047
-82.000000,1045
-81.000000,1040
-80.000000,1043
-79.000000,1047
-78.000000,1049
-77.000000,1056
-76.000000,1063
-75.000000,1069
-74.000000,1074
-73.000000,1080
-72.000000,1083
-71.000000,1097
-70.000000,1104
-69.000000,1106
-68.000000,1120
-67.000000,1125
-66.000000,1130
-65.000000,1141
-64.000000,1147
-63.000000,1152
-62.000000,1164
-61.000000,1169
-60.000000,1181
-59.000000,1190
-58.000000,1197
-57.000000,1207
-56.000000,1214
-55.000000,1228
-54.000000,1230
-53.000000,1247
-52.000000,1252
-51.000000,1267
-50.000000,1271
-49.000000,1288
-48.000000,1296
-47.000000,1302
-46.000000,1317
-45.000000,1327
-44.000000,1337
-43.000000,1347
-42.000000,1363
-41.000000,1371
-40.000000,1384
-39.000000,1396
-38.000000,1406
-37.000000,1414
-36.000000,1425
-35.000000,1437
-34.000000,1446
-33.000000,1455
-32.000000,1466
-31.000000,1475
-30.000000,1487
-29.000000,1500
-28.000000,1510
-27.000000,1516
-26.000000,1527
-25.000000,1535
-24.000000,1550
-23.000000,1557
-22.000000,1570
-21.000000,1576
-20.000000,1589
-19.000000,1600
-18.000000,1609
-17.000000,1617
-16.000000,1628
-15.000000,1637
-14.000000,1650
-13.000000,1658
-12.000000,1665
-11.000000,1674
-10.000000,1686
-9.000000,1696
-8.000000,1706
-7.000000,1713
-6.000000,1726
-5.000000,1731
-4.000000,1737
-3.000000,1743
-2.000000,1753
-1.000000,1761
0.000000,1769
1.000000,1777
2.000000,1784
3.000000,1791
4.000000,1802
5.000000,1802
6.000000,1804
7.000000,1817
8.000000,1826
9.000000,1830
10.000000,1839
11.000000,1840
12.000000,1848
13.000000,1850
14.000000,1854
15.000000,1859
16.000000,1865
17.000000,1868
18.000000,1870
19.000000,1869
20.000000,1868
21.000000,1871
22.000000,1871
23.000000,1871
24.000000,1872
25.000000,1874
26.000000,1870
27.000000,1870
28.000000,1871
29.000000,1871
30.000000,1872
31.000000,1870
32.000000,1867
33.000000,1869
34.000000,1869
35.000000,1869
36.000000,1865
37.000000,1858
38.000000,1855
39.000000,1852
40.000000,1846
41.000000,1838
42.000000,1834
43.000000,1824
44.000000,1821
45.000000,1807
46.000000,1804
47.000000,1803
48.000000,1790
49.000000,1786
50.000000,1776
51.000000,1768
52.000000,1762
53.000000,1752
54.000000,1743
55.000000,1734
56.000000,1730
57.000000,1718
58.000000,1707
59.000000,1699
60.000000,1685
61.000000,1669
62.000000,1655
63.000000,1641
64.000000,1630
65.000000,1616
66.000000,1605
67.000000,1598
68.000000,1587
69.000000,1574
70.000000,1563
71.000000,1549
72.000000,1545
73.000000,1533
74.000000,1528
75.000000,1509
76.000000,1502
77.000000,1494
78.000000,1485
79.000000,1475
80.000000,1467
81.000000,1456
82.000000,1449
83.000000,1438
84.000000,1425
85.000000,1419
86.000000,1412
87.000000,1401
88.000000,1397
89.000000,1389
90.000000,1383
91.000000,1378
92.000000,1374
93.000000,1371
94.000000,1362
95.000000,1361
96.000000,1349
97.000000,1344
98.000000,1338
99.000000,1333
100.000000,1324
101.000000,1317
102.000000,1309
103.000000,1305
104.000000,1301
105.000000,1300
106.000000,1292
107.000000,1288
108.000000,1290
109.000000,1277
110.000000,1275
111.000000,1272
112.000000,1267
113.000000,1266
114.000000,1264
115.000000,1258
116.000000,1252
117.000000,1253
118.000000,1247
119.000000,1248
120.000000,1244
121.000000,1242
122.000000,1232
123.000000,1237
124.000000,1233
125.000000,1233
126.000000,1226
127.000000,1225
128.000000,1224
129.000000,1217
130.000000,1212
131.000000,1212
132.000000,1210
133.000000,1213
134.000000,1211
135.000000,1209
136.000000,1209
137.000000,1210
138.000000,1207
139.000000,1208
140.000000,1205
141.000000,1207
142.000000,1205
143.000000,1207
144.000000,1206
145.000000,1207
146.000000,1206
147.000000,1206
148.000000,1207
149.000000,1208
150.000000,1207
151.000000,1211
152.000000,1212
153.000000,1212
154.000000,1213
155.000000,1209
156.000000,1214
157.000000,1216
158.000000,1215
159.000000,1220
160.000000,1220
161.000000,1225
162.000000,1228
163.000000,1233
164.000000,1233
165.000000,1234
166.000000,1238
167.000000,1246
168.000000,1251
169.000000,1258
170.000000,1268
171.000000,1271
172.000000,1277
173.000000,1288
174.000000,1292
175.000000,1298
176.000000,1301
177.000000,1307
178.000000,1318
179.000000,1324
180.000000,1333
181.000000,1344
182.000000,1350
183.000000,1361
184.000000,1365
185.000000,1377
186.000000,1382
187.000000,1388
188.000000,1401
189.000000,1407
190.000000,1413
191.000000,1424
192.000000,1429
193.000000,1440
194.000000,1452
195.000000,1456
196.000000,1461
197.000000,1472
198.000000,1479
199.000000,1491
200.000000,1499
201.000000,1506
202.000000,1516
203.000000,1524
204.000000,1532
205.000000,1540
206.000000,1549
207.000000,1561
208.000000,1570
209.000000,1578
210.000000,1590
211.000000,1598
212.000000,1607
213.000000,1618
214.000000,1625
215.000000,1634
216.000000,1644
217.000000,1651
218.000000,1664
219.000000,1671
220.000000,1683
221.000000,1686
222.000000,1698
223.000000,1712
224.000000,1718
225.000000,1731
226.000000,1736
227.000000,1748
228.000000,1755
229.000000,1766
230.000000,1774
231.000000,1785
232.000000,1797
233.000000,1804
234.000000,1808
235.000000,1817
236.000000,1829
237.000000,1835
238.000000,1847
239.000000,1851
240.000000,1864
241.000000,1869
242.000000,1877
243.000000,1886
244.000000,1896
245.000000,1898
246.000000,1903
247.000000,1912
248.000000,1915
249.000000,1921
250.000000,1930
251.000000,1936
252.000000,1943
253.000000,1942
254.000000,1951
255.000000,1954
256.000000,1960
257.000000,1965
258.000000,1967
259.000000,1969
260.000000,1972
261.000000,1973
262.000000,1976
263.000000,1978
264.000000,1979
265.000000,1979
266.000000,1981
267.000000,1981
268.000000,1983
269.000000,1983
270.000000,1984
271.000000,1982
272.000000,1983
273.000000,1984
274.000000,1980
275.000000,1982
276.000000,1977
277.000000,1982
278.000000,1977
279.000000,1976
280.000000,1972
281.000000,1966
282.000000,1966
283.000000,1959
284.000000,1953
285.000000,1945
286.000000,1938
287.000000,1934
288.000000,1922
289.000000,1915
290.000000,1903
291.000000,1895
292.000000,1889
293.000000,1878
294.000000,1867
295.000000,1854
296.000000,1848
297.000000,1836
298.000000,1823
299.000000,1805
300.000000,1800
301.000000,1782
302.000000,1774
303.000000,1760
304.000000,1748
305.000000,1730
306.000000,1722
307.000000,1704
308.000000,1688
309.000000,1677
310.000000,1665
311.000000,1650
312.000000,1633
313.000000,1617
314.000000,1604
315.000000,1588
316.000000,1580
317.000000,1561
318.000000,1548
319.000000,1532
320.000000,1521
321.000000,1510
322.000000,1498
323.000000,1488
324.000000,1474
325.000000,1460
326.000000,1452
327.000000,1441
328.000000,1424
329.000000,1420
330.000000,1409
331.000000,1398
332.000000,1387
333.000000,1381
334.000000,1373
335.000000,1360
336.000000,1350
337.000000,1338
338.000000,1329
339.000000,1321
340.000000,1308
341.000000,1303
342.000000,1289
343.000000,1284
344.000000,1275
345.000000,1265
346.000000,1257
347.000000,1251
348.000000,1242
349.000000,1233
350.000000,1234
351.000000,1224
352.000000,1215
353.000000,1210
354.000000,1205
355.000000,1201
356.000000,1194
357.000000,1189
358.000000,1188
359.000000,1179
360.000000,1174
361.000000,1170
360.000000,1158
359.000000,1156
358.000000,1147
357.000000,1147
356.000000,1143
355.000000,1138
354.000000,1136
353.000000,1131
352.000000,1126
351.000000,1125
350.000000,1124
349.000000,1119
348.000000,1118
347.000000,1117
346.000000,1118
345.000000,1118
344.000000,1117
343.000000,1117
342.000000,1117
341.000000,1117
340.000000,1117
339.000000,1117
338.000000,1114
337.000000,1118
336.000000,1115
335.000000,1118
334.000000,1117
333.000000,1121
332.000000,1119
331.000000,1122
330.000000,1125
329.000000,1135
328.000000,1142
327.000000,1144
326.000000,1149
325.000000,1161
324.000000,1168
323.000000,1177
322.000000,1186
321.000000,1193
320.000000,1202
319.000000,1209
318.000000,1213
317.000000,1229
316.000000,1232
315.000000,1247
314.000000,1257
313.000000,1265
312.000000,1272
311.000000,1288
310.000000,1296
309.000000,1303
308.000000,1316
307.000000,1327
306.000000,1337
305.000000,1346
304.000000,1359
303.000000,1369
302.000000,1380
301.000000,1390
300.000000,1403
299.000000,1409
298.000000,1424
297.000000,1433
296.000000,1444
295.000000,1456
294.000000,1462
293.000000,1475
292.000000,1485
291.000000,1496
290.000000,1503
289.000000,1515
288.000000,1528
287.000000,1535
286.000000,1545
285.000000,1558
284.000000,1573
283.000000,1582
282.000000,1594
281.000000,1603
280.000000,1616
279.000000,1623
278.000000,1635
277.000000,1650
276.000000,1660
275.000000,1670
274.000000,1680
273.000000,1689
272.000000,1701
271.000000,1712
270.000000,1724
269.000000,1732
268.000000,1743
267.000000,1752
266.000000,1766
265.000000,1768
264.000000,1778
263.000000,1792
262.000000,1802
261.000000,1805
260.000000,1824
259.000000,1832
258.000000,1843
257.000000,1850
256.000000,1863
255.000000,1869
254.000000,1879
253.000000,1891
252.000000,1895
251.000000,1903
250.000000,1913
249.000000,1918
248.000000,1928
247.000000,1938
246.000000,1945
245.000000,1951
244.000000,1956
243.000000,1967
242.000000,1972
241.000000,1975
240.000000,1984
239.000000,1987
238.000000,1992
237.000000,1998
236.000000,2007
235.000000,2009
234.000000,2014
233.000000,2022
232.000000,2028
231.000000,2024
230.000000,2037
229.000000,2040
228.000000,2041
227.000000,2047
226.000000,2049
225.000000,2054
224.000000,2058
223.000000,2059
222.000000,2062
221.000000,2063
220.000000,2063
219.000000,2064
218.000000,2064
217.000000,2066
216.000000,2065
215.000000,2067
214.000000,2067
213.000000,2064
212.000000,2065
211.000000,2063
210.000000,2064
209.000000,2065
208.000000,2063
207.000000,2064
206.000000,2064
205.000000,2063
204.000000,2062
203.000000,2063
202.000000,2060
201.000000,2055
200.000000,2052
199.000000,2048
198.000000,2041
197.000000,2037
196.000000,2029
195.000000,2023
194.000000,2024
193.000000,2015
192.000000,2005
191.000000,2003
190.000000,1993
189.000000,1986
188.000000,1986
187.000000,1980
186.000000,1974
185.000000,1967
184.000000,1957
183.000000,1952
182.000000,1942
181.000000,1937
180.000000,1924
179.000000,1914
178.000000,1902
177.000000,1893
176.000000,1881
175.000000,1865
174.000000,1850
173.000000,1838
172.000000,1826
171.000000,1813
170.000000,1802
169.000000,1793
168.000000,1782
167.000000,1773
166.000000,1761
165.000000,1752
164.000000,1746
163.000000,1731
162.000000,1715
161.000000,1705
160.000000,1687
159.000000,1680
158.000000,1663
157.000000,1651
156.000000,1634
155.000000,1619
154.000000,1607
153.000000,1595
152.000000,1575
151.000000,1563
150.000000,1549
149.000000,1533
148.000000,1526
147.000000,1511
146.000000,1500
145.000000,1492
144.000000,1480
143.000000,1473
142.000000,1461
141.000000,1453
140.000000,1443
139.000000,1424
138.000000,1415
137.000000,1406
136.000000,1396
135.000000,1383
134.000000,1368
133.000000,1360
132.000000,1344
131.000000,1331
130.000000,1320
129.000000,1309
128.000000,1299
127.000000,1291
126.000000,1277
125.000000,1270
124.000000,1268
123.000000,1254
122.000000,1250
121.000000,1240
120.000000,1234
119.000000,1222
118.000000,1214
117.000000,1209
116.000000,1200
115.000000,1192
114.000000,1185
113.000000,1176
112.000000,1169
111.000000,1159
110.000000,1148
109.000000,1143
108.000000,1137
107.000000,1130
106.000000,1125
105.000000,1113
104.000000,1105
103.000000,1103
102.000000,1094
101.000000,1086
100.000000,1082
99.000000,1079
98.000000,1073
97.000000,1070
96.000000,1070
95.000000,1062
94.000000,1057
93.000000,1052
92.000000,1046
91.000000,1043
90.000000,1044
89.000000,1043
88.000000,1038
87.000000,1032
86.000000,1031
85.000000,1030
84.000000,1031
83.000000,1032
82.000000,1029
81.000000,1033
80.000000,1032
79.000000,1031
78.000000,1033
77.000000,1030
76.000000,1032
75.000000,1032
74.000000,1031
73.000000,1030
72.000000,1032
71.000000,1030
70.000000,1033
69.000000,1032
68.000000,1041
67.000000,1045
66.000000,1047
65.000000,1054
64.000000,1059
63.000000,1069
62.000000,1073
61.000000,1079
60.000000,1084
59.000000,1099
58.000000,1105
57.000000,1111
56.000000,1120
55.000000,1124
54.000000,1134
53.000000,1145
52.000000,1149
51.000000,1159
50.000000,1167
49.000000,1174
48.000000,1188
47.000000,1193
46.000000,1205
45.000000,1213
44.000000,1221
43.000000,1232
42.000000,1245
41.000000,1251
40.000000,1267
39.000000,1274
38.000000,1289
37.000000,1299
36.000000,1308
35.000000,1322
34.000000,1330
33.000000,1349
32.000000,1361
31.000000,1375
30.000000,1386
29.000000,1399
28.000000,1409
27.000000,1426
26.000000,1441
25.000000,1455
24.000000,1469
23.000000,1478
22.000000,1496
21.000000,1511
20.000000,1521
19.000000,1534
18.000000,1549
17.000000,1563
16.000000,1578
15.000000,1593
14.000000,1604
13.000000,1621
12.000000,1635
11.000000,1652
10.000000,1666
9.000000,1674
8.000000,1688
7.000000,1701
6.000000,1715
5.000000,1726
4.000000,1739
3.000000,1753
2.000000,1767
1.000000,1780
0.000000,1790
-1.000000,1805
-2.000000,1815
-3.000000,1833
-4.000000,1843
-5.000000,1856
-6.000000,1869
-7.000000,1880
-8.000000,1897
-9.000000,1901
-10.000000,1910
-11.000000,1918
-12.000000,1934
-13.000000,1944
-14.000000,1953
-15.000000,1960
-16.000000,1969
-17.000000,1977
-18.000000,1986
-19.000000,1991
-20.000000,1996
-21.000000,2007
-22.000000,2014
-23.000000,2021
-24.000000,2026
-25.000000,2031
-26.000000,2039
-27.000000,2040
-28.000000,2050
-29.000000,2054
-30.000000,2063
-31.000000,2063
-32.000000,2068
-33.000000,2071
-34.000000,2075
-35.000000,2077
-36.000000,2081
-37.000000,2087
-38.000000,2089
-39.000000,2088
-40.000000,2090
-41.000000,2092
-42.000000,2092
-43.000000,2093
-44.000000,2095
-45.000000,2097
-46.000000,2098
-47.000000,2099
-48.000000,2100
-49.000000,2098
-50.000000,2097
-51.000000,2096
-52.000000,2095
-53.000000,2094
-54.000000,2094
-55.000000,2089
-56.000000,2092
-57.000000,2088
-58.000000,2090
-59.000000,2085
-60.000000,2087
-61.000000,2086
-62.000000,2080
-63.000000,2079
-64.000000,2074
-65.000000,2069
-66.000000,2065
-67.000000,2060
-68.000000,2054
-69.000000,2043
-70.000000,2037
-71.000000,2029
-72.000000,2025
-73.000000,2015
-74.000000,2010
-75.000000,2005
-76.000000,1992
-77.000000,1989
-78.000000,1982
-79.000000,1972
-80.000000,1968
-81.000000,1956
-82.000000,1943
-83.000000,1938
-84.000000,1924
-85.000000,1914
-86.000000,1900
-87.000000,1892
-88.000000,1885
-89.000000,1873
-90.000000,1869
-91.000000,1852
-92.000000,1845
-93.000000,1834
-94.000000,1822
-95.000000,1806
-96.000000,1799
-97.000000,1788
-98.000000,1775
-99.000000,1763
-100.000000,1750
-101.000000,1736
-102.000000,1729
-103.000000,1709
-104.000000,1697
-105.000000,1684
-106.000000,1668
-107.000000,1653
-108.000000,1641
-109.000000,1629
-110.000000,1619
-111.000000,1603
-112.000000,1596
-113.000000,1587
-114.000000,1579
-115.000000,1562
-116.000000,1549
-117.000000,1538
-118.000000,1529
-119.000000,1510
-120.000000,1500
-121.000000,1492
-122.000000,1475
-123.000000,1462
-124.000000,1452
-125.000000,1439
-126.000000,1427
-127.000000,1416
-128.000000,1406
-129.000000,1400
-130.000000,1387
-131.000000,1381
-132.000000,1376
-133.000000,1362
-134.000000,1361
-135.000000,1349
-136.000000,1339
-137.000000,1329
-138.000000,1321
-139.000000,1310
-140.000000,1303
-141.000000,1292
-142.000000,1284
-143.000000,1274
-144.000000,1266
-145.000000,1258
-146.000000,1252
-147.000000,1245
-148.000000,1230
-149.000000,1233
-150.000000,1224
-151.000000,1216
-152.000000,1211
-153.000000,1206
-154.000000,1203
-155.000000,1195
-156.000000,1191
-157.000000,1187
-158.000000,1186
-159.000000,1177
-160.000000,1171
-161.000000,1169
-162.000000,1162
-163.000000,1154
-164.000000,1148
-165.000000,1150
-166.000000,1144
-167.000000,1139
-168.000000,1134
-169.000000,1131
-170.000000,1126
-171.000000,1121
-172.000000,1119
-173.000000,1117
-174.000000,1113
-175.000000,1116
-176.000000,1112
-177.000000,1104
-178.000000,1106
-179.000000,1101
-180.000000,1103
-181.000000,1104
-182.000000,1103
-183.000000,1104
-184.000000,1106
-185.000000,1102
-186.000000,1103
-187.000000,1103
-188.000000,1105
-189.000000,1104
-190.000000,1104
-191.000000,1104
-192.000000,1104
-193.000000,1103
-194.000000,1105
-195.000000,1105
-196.000000,1103
-197.000000,1104
-198.000000,1103
-199.000000,1112
-200.000000,1118
-201.000000,1122
-202.000000,1129
-203.000000,1139
-204.000000,1142
-205.000000,1152
-206.000000,1161
-207.000000,1169
-208.000000,1181
-209.000000,1188
-210.000000,1201
-211.000000,1210
-212.000000,1215
-213.000000,1231
-214.000000,1232
-215.000000,1248
-216.000000,1257
-217.000000,1268
-218.000000,1272
-219.000000,1289
-220.000000,1297
-221.000000,1305
-222.000000,1322
-223.000000,1328
-224.000000,1341
-225.000000,1348
-226.000000,1359
-227.000000,1375
-228.000000,1386
-229.000000,1395
-230.000000,1402
-231.000000,1418
-232.000000,1429
-233.000000,1443
-234.000000,1452
-235.000000,1458
-236.000000,1475
-237.000000,1485
-238.000000,1496
-239.000000,1507
-240.000000,1516
-241.000000,1529
-242.000000,1533
-243.000000,1549
-244.000000,1562
-245.000000,1573
-246.000000,1584
-247.000000,1595
-248.000000,1605
-249.000000,1617
-250.000000,1630
-251.000000,1639
-252.000000,1649
-253.000000,1667
-254.000000,1673
-255.000000,1688
-256.000000,1698
-257.000000,1709
-258.000000,1719
-259.000000,1731
-260.000000,1738
-261.000000,1748
-262.000000,1763
-263.000000,1770
-264.000000,1781
-265.000000,1788
-266.000000,1802
-267.000000,1806
-268.000000,1820
-269.000000,1830
-270.000000,1840
-271.000000,1850
-272.000000,1864
-273.000000,1870
-274.000000,1876
-275.000000,1891
-276.000000,1896
-277.000000,1904
-278.000000,1914
-279.000000,1919
-280.000000,1931
-281.000000,1941
-282.000000,1941
-283.000000,1953
-284.000000,1961
-285.000000,1964
-286.000000,1973
-287.000000,1975
-288.000000,1981
-289.000000,1988
-290.000000,1992
-291.000000,1994
-292.000000,2000
-293.000000,2002
-294.000000,2011
-295.000000,2013
-296.000000,2015
-297.000000,2021
-298.000000,2021
-299.000000,2027
-300.000000,2025
-301.000000,2030
-302.000000,2033
-303.000000,2038
-304.000000,2037
-305.000000,2038
-306.000000,2042
-307.000000,2043
-308.000000,2039
-309.000000,2043
-310.000000,2043
-311.000000,2043
-312.000000,2045
-313.000000,2044
-314.000000,2045
-315.000000,2044
-316.000000,2048
-317.000000,2048
-318.000000,2049
-319.000000,2051
-320.000000,2049
-321.000000,2049
-322.000000,2046
-323.000000,2046
-324.000000,2042
-325.000000,2039
-326.000000,2039
-327.000000,2031
-328.000000,2029
-329.000000,2027
-330.000000,2022
-331.000000,2016
-332.000000,2010
-333.000000,2004
-334.000000,1994
-335.000000,1989
-336.000000,1985
-337.000000,1980
-338.000000,1972
-339.000000,1966
-340.000000,1956
-341.000000,1949
-342.000000,1935
-343.000000,1931
-344.000000,1917
-345.000000,1911
-346.000000,1901
-347.000000,1894
-348.000000,1880
-349.000000,1871
-350.000000,1861
-351.000000,1850
-352.000000,1837
-353.000000,1828
-354.000000,1810
-355.000000,1802
-356.000000,1789
-357.000000,1780
-358.000000,1766
-359.000000,1756
-360.000000,1744
-361.000000,1731
-360.000000,1719
-359.000000,1710
-358.000000,1695
-357.000000,1685
-356.000000,1670
-355.000000,1658
-354.000000,1645
-353.000000,1634
-352.000000,1616
-351.000000,1607
-350.000000,1594
-349.000000,1578
-348.000000,1566
-347.000000,1553
-346.000000,1544
-345.000000,1531
-344.000000,1516
-343.000000,1505
-342.000000,1498
-341.000000,1485
-340.000000,1471
-339.000000,1460
-338.000000,1451
-337.000000,1442
-336.000000,1427
-335.000000,1420
-334.000000,1408
-333.000000,1402
-332.000000,1394
-331.000000,1382
-330.000000,1372
-329.000000,1362
-328.000000,1354
-327.000000,1344
-326.000000,1336
-325.000000,1325
-324.000000,1317
-323.000000,1307
-322.000000,1300
-321.000000,1291
-320.000000,1288
-319.000000,1274
-318.000000,1271
-317.000000,1263
-316.000000,1252
-315.000000,1246
-314.000000,1238
-313.000000,1233
-312.000000,1224
-311.000000,1213
-310.000000,1211
-309.000000,1202
-308.000000,1195
-307.000000,1189
-306.000000,1186
-305.000000,1180
-304.000000,1174
-303.000000,1167
-302.000000,1159
-301.000000,1156
-300.000000,1152
-299.000000,1150
-298.000000,1148
-297.000000,1141
-296.000000,1142
-295.000000,1136
-294.000000,1134
-293.000000,1131
-292.000000,1131
-291.000000,1129
-290.000000,1129
-289.000000,1126
-288.000000,1128
-287.000000,1125
-286.000000,1124
-285.000000,1125
-284.000000,1124
-283.000000,1128
-282.000000,1127
-281.000000,1129
-280.000000,1133
-279.000000,1137
-278.000000,1144
-277.000000,1144
-276.000000,1147
-275.000000,1155
-274.000000,1162
-273.000000,1167
-272.000000,1174
-271.000000,1186
-270.000000,1188
-269.000000,1198
-268.000000,1206
-267.000000,1214
-266.000000,1222
-265.000000,1233
-264.000000,1238
-263.000000,1246
-262.000000,1257
-261.000000,1269
-260.000000,1273
-259.000000,1288
-258.000000,1294
-257.000000,1303
-256.000000,1311
-255.000000,1325
-254.000000,1336
-253.000000,1347
-252.000000,1359
-251.000000,1364
-250.000000,1376
-249.000000,1386
-248.000000,1395
-247.000000,1409
-246.000000,1418
-245.000000,1425
-244.000000,1441
-243.000000,1453
-242.000000,1457
-241.000000,1470
-240.000000,1477
-239.000000,1490
-238.000000,1500
-237.000000,1512
-236.000000,1520
-235.000000,1532
-234.000000,1540
-233.000000,1548
-232.000000,1564
-231.000000,1573
-230.000000,1584
-229.000000,1593
-228.000000,1602
-227.000000,1612
-226.000000,1617
-225.000000,1630
-224.000000,1640
-223.000000,1650
-222.000000,1661
-221.000000,1669
-220.000000,1682
-219.000000,1688
-218.000000,1698
-217.000000,1708
-216.000000,1721
-215.000000,1729
-214.000000,1737
-213.000000,1747
-212.000000,1759
-211.000000,1771
-210.000000,1778
-209.000000,1787
-208.000000,1803
-207.000000,1806
-206.000000,1815
-205.000000,1828
-204.000000,1837
-203.000000,1844
-202.000000,1849
-201.000000,1863
-200.000000,1867
-199.000000,1878
-198.000000,1884
-197.000000,1894
-196.000000,1897
-195.000000,1901
-194.000000,1904
-193.000000,1915
-192.000000,1917
-191.000000,1919
-190.000000,1931
-189.000000,1936
-188.000000,1936
-187.000000,1941
-186.000000,1943
-185.000000,1950
-184.000000,1950
-183.000000,1952
-182.000000,1955
-181.000000,1960
-180.000000,1958
-179.000000,1963
-178.000000,1964
-177.000000,1966
-176.000000,1967
-175.000000,1965
-174.000000,1966
-173.000000,1964
-172.000000,1963
-171.000000,1963
-170.000000,1965
-169.000000,1965
-168.000000,1963
-167.000000,1964
-166.000000,1964
-165.000000,1963
-164.000000,1961
-163.000000,1956
-162.000000,1956
-161.000000,1952
-160.000000,1949
-159.000000,1943
-158.000000,1942
-157.000000,1937
-156.000000,1933
-155.000000,1924
-154.000000,1916
-153.000000,1914
-152.000000,1904
-151.000000,1900
-150.000000,1893
-149.000000,1889
-148.000000,1879
-147.000000,1870
-146.000000,1868
-145.000000,1856
-144.000000,1847
-143.000000,1840
-142.000000,1828
-141.000000,1814
-140.000000,1804
-139.000000,1801
-138.000000,1787
-137.000000,1779
-136.000000,1767
-135.000000,1759
-134.000000,1749
-133.000000,1738
-132.000000,1730
-131.000000,1719
-130.000000,1704
-129.000000,1697
-128.000000,1686
-127.000000,1668
-126.000000,1659
-125.000000,1645
-124.000000,1631
-123.000000,1618
-122.000000,1606
-121.000000,1595
-120.000000,1585
-119.000000,1569
-118.000000,1554
-117.000000,1546
-116.000000,1533
-115.000000,1522
-114.000000,1510
-113.000000,1500
-112.000000,1489
-111.000000,1475
-110.000000,1461
-109.000000,1449
-108.000000,1441
-107.000000,1426
-106.000000,1415
-105.000000,1404
-104.000000,1393
-103.000000,1379
-102.000000,1366
-101.000000,1360
-100.000000,1344
-99.000000,1332
-98.000000,1323
-97.000000,1309
-96.000000,1301
-95.000000,1291
-94.000000,1278
-93.000000,1271
-92.000000,1257
-91.000000,1249
-90.000000,1240
-89.000000,1235
-88.000000,1222
-87.000000,1212
-86.000000,1201
-85.000000,1196
-84.000000,1189
-83.000000,1184
-82.000000,1173
-81.000000,1165
-80.000000,1156
-79.000000,1149
-78.000000,1145
-77.000000,1139
-76.000000,1131
-75.000000,1122
-74.000000,1120
-73.000000,1115
-72.000000,1111
-71.000000,1102
-70.000000,1102
-69.000000,1097
-68.000000,1087
-67.000000,1085
-66.000000,1081
-65.000000,1082
-64.000000,1079
-63.000000,1076
-62.000000,1075
-61.000000,1075
-60.000000,1070
-59.000000,1072
-58.000000,1072
-57.000000,1074
-56.000000,1072
-55.000000,1072
-54.000000,1073
-53.000000,1072
