581.000000,3263
630.000000,3295
631.000000,3296
632.000000,3297
633.000000,3297
634.000000,3299
635.000000,3300
636.000000,3301
637.000000,3307
638.000000,3309
639.000000,3311
640.000000,3312
641.000000,3313
642.000000,3314
643.000000,3316
644.000000,3319
645.000000,3322
646.000000,3322
647.000000,3324
648.000000,3326
649.000000,3327
650.000000,3330
651.000000,3330
652.000000,3331
653.000000,3335
654.000000,3338
655.000000,3342
656.000000,3343
657.000000,3346
658.000000,3346
659.000000,3345
660.000000,3349
661.000000,3349
662.000000,3346
663.000000,3350
664.000000,3352
665.000000,3351
666.000000,3354
667.000000,3357
668.000000,3360
669.000000,3359
670.000000,3362
671.000000,3361
672.000000,3363
673.000000,3359
674.000000,3366
675.000000,3361
676.000000,3368
677.000000,3373
678.000000,3373
679.000000,3374
680.000000,3369
681.000000,3375
682.000000,3380
683.000000,3380
684.000000,3384
685.000000,3386
686.000000,3388
687.000000,3391
688.000000,3393
689.000000,3391
690.000000,3394
691.000000,3394
692.000000,3399
693.000000,3403
694.000000,3403
695.000000,3403
696.000000,3405
697.000000,3407
698.000000,3408
699.000000,3414
700.000000,3413
701.000000,3416
702.000000,3417
703.000000,3422
704.000000,3424
705.000000,3420
706.000000,3424
707.000000,3425
708.000000,3429
709.000000,3431
710.000000,3432
711.000000,3434
712.000000,3436
713.000000,3438
714.000000,3440
715.000000,3442
716.000000,3443
717.000000,3445
718.000000,3446
719.000000,3448
720.000000,3448
721.000000,3449
720.000000,3453
719.000000,3454
718.000000,3454
717.000000,3454
716.000000,3455
715.000000,3455
714.000000,3457
713.000000,3455
712.000000,3456
711.000000,3456
710.000000,3457
709.000000,3456
708.000000,3456
707.000000,3455
706.000000,3456
705.000000,3455
704.000000,3456
703.000000,3453
702.000000,3456
701.000000,3455
700.000000,3455
699.000000,3454
698.000000,3454
697.000000,3454
696.000000,3453
695.000000,3453
694.000000,3451
693.000000,3448
692.000000,3449
691.000000,3449
690.000000,3448
689.000000,3442
688.000000,3445
687.000000,3440
686.000000,3441
685.000000,3439
684.000000,3437
683.000000,3425
682.000000,3437
681.000000,3435
680.000000,3433
679.000000,3430
678.000000,3424
677.000000,3425
676.000000,3424
675.000000,3421
674.000000,3423
673.000000,3421
672.000000,3417
671.000000,3415
670.000000,3411
669.000000,3410
668.000000,3408
667.000000,3407
666.000000,3404
665.000000,3404
664.000000,3404
663.000000,3403
662.000000,3397
661.000000,3398
660.000000,3393
659.000000,3391
658.000000,3390
657.000000,3391
656.000000,3391
655.000000,3390
654.000000,3391
653.000000,3391
652.000000,3386
651.000000,3385
650.000000,3385
649.000000,3381
648.000000,3380
647.000000,3375
646.000000,3374
645.000000,3374
644.000000,3372
643.000000,3367
642.000000,3366
641.000000,3363
640.000000,3366
639.000000,3364
638.000000,3363
637.000000,3359
636.000000,3359
635.000000,3359
634.000000,3350
633.000000,3349
632.000000,3351
631.000000,3350
630.000000,3348
629.000000,3343
628.000000,3344
627.000000,3341
626.000000,3339
625.000000,3336
624.000000,3335
623.000000,3331
622.000000,3332
621.000000,3330
620.000000,3328
619.000000,3325
618.000000,3322
617.000000,3321
616.000000,3319
615.000000,3318
614.000000,3315
613.000000,3313
612.000000,3311
611.000000,3311
610.000000,3307
609.000000,3306
608.000000,3301
607.000000,3300
606.000000,3298
605.000000,3297
604.000000,3297
603.000000,3295
602.000000,3304
601.000000,3292
600.000000,3290
599.000000,3289
598.000000,3284
597.000000,3289
596.000000,3287
595.000000,3285
594.000000,3283
593.000000,3272
592.000000,3279
591.000000,3280
590.000000,3278
589.000000,3276
588.000000,3265
587.000000,3272
586.000000,3269
585.000000,3268
584.000000,3268
583.000000,3267
582.000000,3266
581.000000,3265
580.000000,3259
579.000000,3257
578.000000,3256
577.000000,3252
576.000000,3252
575.000000,3248
574.000000,3238
573.000000,3244
572.000000,3241
571.000000,3241
570.000000,3240
569.000000,3231
568.000000,3236
567.000000,3236
566.000000,3233
565.000000,3228
564.000000,3227
563.000000,3223
562.000000,3222
561.000000,3217
560.000000,3218
559.000000,3217
558.000000,3218
557.000000,3220
556.000000,3215
555.000000,3210
554.000000,3209
553.000000,3209
552.000000,3206
551.000000,3205
550.000000,3202
549.000000,3197
548.000000,3197
547.000000,3194
546.000000,3194
545.000000,3189
544.000000,3189
543.000000,3189
542.000000,3183
541.000000,3188
540.000000,3186
539.000000,3185
538.000000,3184
537.000000,3181
536.000000,3180
535.000000,3178
534.000000,3176
533.000000,3175
532.000000,3174
531.000000,3175
530.000000,3172
529.000000,3170
528.000000,3169
527.000000,3169
526.000000,3166
525.000000,3166
524.000000,3164
523.000000,3162
522.000000,3160
521.000000,3161
520.000000,3158
519.000000,3156
518.000000,3155
517.000000,3152
516.000000,3152
515.000000,3148
514.000000,3142
513.000000,3142
512.000000,3141
511.000000,3138
510.000000,3139
509.000000,3139
508.000000,3133
507.000000,3132
506.000000,3133
505.000000,3130
504.000000,3123
503.000000,3122
502.000000,3114
501.000000,3118
500.000000,3118
499.000000,3119
498.000000,3114
497.000000,3110
496.000000,3111
495.000000,3104
494.000000,3092
493.000000,3103
492.000000,3091
491.000000,3104
490.000000,3100
489.000000,3098
488.000000,3095
487.000000,3092
486.000000,3090
485.000000,3086
484.000000,3068
483.000000,3082
482.000000,3080
481.000000,3080
480.000000,3073
479.000000,3081
478.000000,3078
477.000000,3075
476.000000,3075
475.000000,3074
474.000000,3070
473.000000,3060
472.000000,3069
471.000000,3069
470.000000,3065
469.000000,3064
468.000000,3064
467.000000,3061
466.000000,3056
465.000000,3057
464.000000,3056
463.000000,3055
462.000000,3052
461.000000,3049
460.000000,3039
459.000000,3042
458.000000,3043
457.000000,3044
456.000000,3042
455.000000,3032
454.000000,3034
453.000000,3039
452.000000,3040
451.000000,3038
450.000000,3032
449.000000,3029
448.000000,3025
447.000000,3023
446.000000,3020
445.000000,3021
444.000000,3020
443.000000,3010
442.000000,3017
441.000000,3013
440.000000,3013
439.000000,3009
438.000000,3003
437.000000,3006
436.000000,3003
435.000000,3002
434.000000,3002
433.000000,2995
432.000000,2992
431.000000,2993
430.000000,2990
429.000000,2979
428.000000,2968
427.000000,2980
426.000000,2983
425.000000,2984
424.000000,2971
423.000000,2978
422.000000,2976
421.000000,2975
420.000000,2971
419.000000,2972
418.000000,2971
417.000000,2957
416.000000,2961
415.000000,2970
414.000000,2969
413.000000,2967
412.000000,2966
411.000000,2964
410.000000,2960
409.000000,2958
408.000000,2942
407.000000,2954
406.000000,2953
405.000000,2953
404.000000,2951
403.000000,2935
402.000000,2945
401.000000,2946
400.000000,2944
399.000000,2943
398.000000,2942
397.000000,2936
396.000000,2930
395.000000,2933
394.000000,2926
393.000000,2924
392.000000,2923
391.000000,2916
390.000000,2923
389.000000,2919
388.000000,2915
387.000000,2913
386.000000,2910
385.000000,2908
384.000000,2904
383.000000,2904
382.000000,2899
381.000000,2896
380.000000,2898
379.000000,2896
378.000000,2896
377.000000,2895
376.000000,2895
375.000000,2888
374.000000,2888
373.000000,2887
372.000000,2886
371.000000,2884
370.000000,2882
369.000000,2879
368.000000,2875
367.000000,2874
366.000000,2871
365.000000,2867
364.000000,2868
363.000000,2866
362.000000,2862
361.000000,2862
360.000000,2863
359.000000,2859
358.000000,2858
357.000000,2860
356.000000,2858
355.000000,2857
354.000000,2856
353.000000,2856
352.000000,2859
351.000000,2856
350.000000,2855
349.000000,2850
348.000000,2845
347.000000,2846
346.000000,2844
345.000000,2844
344.000000,2841
343.000000,2840
342.000000,2837
341.000000,2836
340.000000,2835
339.000000,2834
338.000000,2832
337.000000,2831
336.000000,2830
335.000000,2827
334.000000,2824
333.000000,2823
332.000000,2821
331.000000,2822
330.000000,2821
329.000000,2812
328.000000,2815
327.000000,2814
326.000000,2810
325.000000,2806
324.000000,2806
323.000000,2791
322.000000,2801
321.000000,2800
320.000000,2799
319.000000,2799
318.000000,2792
317.000000,2795
316.000000,2793
315.000000,2787
314.000000,2786
313.000000,2784
312.000000,2779
311.000000,2779
310.000000,2777
309.000000,2767
308.000000,2772
307.000000,2774
306.000000,2772
305.000000,2768
304.000000,2755
303.000000,2761
302.000000,2760
301.000000,2760
300.000000,2758
299.000000,2761
298.000000,2757
297.000000,2755
296.000000,2756
295.000000,2756
294.000000,2751
293.000000,2751
292.000000,2752
291.000000,2749
290.000000,2746
289.000000,2741
288.000000,2742
287.000000,2741
286.000000,2741
285.000000,2737
284.000000,2737
283.000000,2735
282.000000,2734
281.000000,2734
280.000000,2731
279.000000,2730
278.000000,2728
277.000000,2725
276.000000,2723
275.000000,2719
274.000000,2715
273.000000,2715
272.000000,2716
271.000000,2713
270.000000,2710
269.000000,2708
268.000000,2708
267.000000,2706
266.000000,2702
265.000000,2699
264.000000,2695
263.000000,2692
262.000000,2692
261.000000,2689
260.000000,2688
259.000000,2685
258.000000,2685
257.000000,2683
256.000000,2680
255.000000,2683
254.000000,2680
253.000000,2677
252.000000,2671
251.000000,2670
250.000000,2672
249.000000,2671
248.000000,2667
247.000000,2663
246.000000,2663
245.000000,2661
244.000000,2658
243.000000,2656
242.000000,2654
241.000000,2654
240.000000,2652
239.000000,2654
238.000000,2647
237.000000,2649
236.000000,2647
235.000000,2646
234.000000,2642
233.000000,2635
232.000000,2641
231.000000,2639
230.000000,2638
229.000000,2639
228.000000,2635
227.000000,2635
226.000000,2622
225.000000,2633
224.000000,2621
223.000000,2629
222.000000,2628
221.000000,2624
220.000000,2621
219.000000,2613
218.000000,2619
217.000000,2619
216.000000,2617
215.000000,2616
214.000000,2615
213.000000,2607
212.000000,2608
211.000000,2607
210.000000,2605
209.000000,2600
208.000000,2588
207.000000,2596
206.000000,2595
205.000000,2595
204.000000,2595
203.000000,2594
202.000000,2591
201.000000,2590
200.000000,2589
199.000000,2589
198.000000,2587
197.000000,2585
196.000000,2585
195.000000,2577
194.000000,2577
193.000000,2574
192.000000,2570
191.000000,2570
190.000000,2570
189.000000,2570
188.000000,2567
187.000000,2567
186.000000,2564
185.000000,2560
184.000000,2557
183.000000,2556
182.000000,2555
181.000000,2555
180.000000,2554
179.000000,2554
178.000000,2553
177.000000,2552
176.000000,2550
175.000000,2548
174.000000,2547
173.000000,2547
172.000000,2545
171.000000,2543
170.000000,2539
169.000000,2536
168.000000,2537
167.000000,2534
166.000000,2532
165.000000,2533
164.000000,2530
163.000000,2530
162.000000,2530
161.000000,2529
160.000000,2526
159.000000,2525
158.000000,2521
157.000000,2522
156.000000,2517
155.000000,2514
154.000000,2505
153.000000,2513
152.000000,2513
151.000000,2506
150.000000,2507
149.000000,2503
148.000000,2497
147.000000,2501
146.000000,2502
145.000000,2500
144.000000,2497
143.000000,2498
142.000000,2493
141.000000,2493
140.000000,2494
139.000000,2490
138.000000,2489
137.000000,2484
136.000000,2476
135.000000,2480
134.000000,2479
133.000000,2479
132.000000,2476
131.000000,2474
130.000000,2471
129.000000,2472
128.000000,2470
127.000000,2469
126.000000,2464
125.000000,2462
124.000000,2458
123.000000,2456
122.000000,2455
121.000000,2456
120.000000,2456
119.000000,2454
118.000000,2451
117.000000,2452
116.000000,2451
115.000000,2450
114.000000,2449
113.000000,2447
112.000000,2442
111.000000,2441
110.000000,2438
109.000000,2436
108.000000,2437
107.000000,2436
106.000000,2431
105.000000,2432
104.000000,2429
103.000000,2428
102.000000,2428
101.000000,2426
100.000000,2423
99.000000,2411
98.000000,2421
97.000000,2418
96.000000,2420
95.000000,2415
94.000000,2412
93.000000,2400
92.000000,2410
91.000000,2403
90.000000,2406
89.000000,2404
88.000000,2400
87.000000,2394
86.000000,2395
85.000000,2386
84.000000,2393
83.000000,2390
82.000000,2392
81.000000,2393
80.000000,2388
79.000000,2372
78.000000,2382
77.000000,2382
76.000000,2380
75.000000,2379
74.000000,2378
73.000000,2373
72.000000,2372
71.000000,2370
70.000000,2368
69.000000,2365
68.000000,2366
67.000000,2363
66.000000,2361
65.000000,2358
64.000000,2356
63.000000,2352
62.000000,2355
61.000000,2353
60.000000,2348
59.000000,2349
58.000000,2349
57.000000,2346
56.000000,2348
55.000000,2343
54.000000,2343
53.000000,2342
52.000000,2339
51.000000,2337
50.000000,2336
49.000000,2335
48.000000,2335
47.000000,2335
46.000000,2334
45.000000,2329
44.000000,2327
43.000000,2327
42.000000,2324
41.000000,2320
40.000000,2317
39.000000,2318
38.000000,2318
37.000000,2317
36.000000,2313
35.000000,2311
34.000000,2308
33.000000,2307
32.000000,2310
31.000000,2305
30.000000,2303
29.000000,2298
28.000000,2298
27.000000,2298
26.000000,2296
25.000000,2288
24.000000,2291
23.000000,2289
22.000000,2285
21.000000,2283
20.000000,2279
19.000000,2282
18.000000,2279
17.000000,2281
16.000000,2276
15.000000,2282
14.000000,2276
13.000000,2273
12.000000,2269
11.000000,2268
10.000000,2266
9.000000,2267
8.000000,2266
7.000000,2273
6.000000,2260
5.000000,2265
4.000000,2257
3.000000,2261
2.000000,2237
1.000000,2261
0.000000,2247
-1.000000,2249
-2.000000,2246
-3.000000,2254
-4.000000,2242
-5.000000,2253
-6.000000,2258
-7.000000,2258
-8.000000,2244
-9.000000,2247
-10.000000,2250
-11.000000,2239
-12.000000,2240
-13.000000,2236
-14.000000,2229
-15.000000,2240
-16.000000,2237
-17.000000,2233
-18.000000,2230
-19.000000,2233
-20.000000,2235
-21.000000,2234
-22.000000,2220
-23.000000,2218
-24.000000,2205
-25.000000,2211
-26.000000,2214
-27.000000,2212
-28.000000,2209
-29.000000,2206
-30.000000,2204
-31.000000,2199
-32.000000,2198
-33.000000,2199
-34.000000,2196
-35.000000,2196
-36.000000,2193
-37.000000,2190
-38.000000,2188
-39.000000,2188
-40.000000,2186
-41.000000,2200
-42.000000,2200
-43.000000,2192
-44.000000,2183
-45.000000,2175
-46.000000,2172
-47.000000,2174
-48.000000,2170
-49.000000,2164
-50.000000,2164
-51.000000,2160
-52.000000,2156
-53.000000,2153
-54.000000,2152
-55.000000,2150
-56.000000,2146
-57.000000,2149
-58.000000,2145
-59.000000,2141
-60.000000,2141
-61.000000,2139
-62.000000,2138
-63.000000,2138
-64.000000,2139
-65.000000,2137
-66.000000,2136
-67.000000,2134
-68.000000,2132
-69.000000,2133
-70.000000,2131
-71.000000,2127
-72.000000,2124
-73.000000,2123
-74.000000,2121
-75.000000,2118
-76.000000,2114
-77.000000,2114
-78.000000,2113
-79.000000,2114
-80.000000,2110
-81.000000,2109
-82.000000,2107
-83.000000,2104
-84.000000,2103
-85.000000,2098
-86.000000,2093
-87.000000,2093
-88.000000,2093
-89.000000,2093
-90.000000,2083
-91.000000,2087
-92.000000,2085
-93.000000,2080
-94.000000,2081
-95.000000,2078
-96.000000,2075
-97.000000,2073
-98.000000,2070
-99.000000,2066
-100.000000,2062
-101.000000,2060
-102.000000,2059
-103.000000,2060
-104.000000,2057
-105.000000,2053
-106.000000,2052
-107.000000,2050
-108.000000,2064
-109.000000,2063
-110.000000,2059
-111.000000,2055
-112.000000,2052
-113.000000,2046
-114.000000,2048
-115.000000,2038
-116.000000,2054
-117.000000,2037
-118.000000,2032
-119.000000,2031
-120.000000,2027
-121.000000,2028
-122.000000,2025
-123.000000,2020
-124.000000,2014
-125.000000,2021
-126.000000,2019
-127.000000,2018
-128.000000,2017
-129.000000,2015
-130.000000,2013
-131.000000,2009
-132.000000,2007
-133.000000,2006
-134.000000,2004
-135.000000,1989
-136.000000,1998
-137.000000,1994
-138.000000,1996
-139.000000,1996
-140.000000,1989
-141.000000,1988
-142.000000,1990
-143.000000,1988
-144.000000,1987
-145.000000,1985
-146.000000,1985
-147.000000,1979
-148.000000,1977
-149.000000,1975
-150.000000,1960
-151.000000,1972
-152.000000,1970
-153.000000,1967
-154.000000,1964
-155.000000,1964
-156.000000,1962
-157.000000,1961
-158.000000,1958
-159.000000,1954
-160.000000,1958
-161.000000,1957
-162.000000,1955
-163.000000,1950
-164.000000,1947
-165.000000,1939
-166.000000,1945
-167.000000,1941
-168.000000,1941
-169.000000,1942
-170.000000,1941
-171.000000,1940
-172.000000,1937
-173.000000,1936
-174.000000,1937
-175.000000,1936
-176.000000,1932
-177.000000,1928
-178.000000,1927
-179.000000,1928
-180.000000,1927
-181.000000,1927
-182.000000,1922
-183.000000,1922
-184.000000,1919
-185.000000,1913
-186.000000,1914
-187.000000,1913
-188.000000,1909
-189.000000,1910
-190.000000,1909
-191.000000,1908
-192.000000,1905
-193.000000,1904
-194.000000,1899
-195.000000,1896
-196.000000,1895
-197.000000,1891
-198.000000,1893
-199.000000,1900
-200.000000,1900
-201.000000,1900
-202.000000,1896
-203.000000,1891
-204.000000,1890
-205.000000,1890
-206.000000,1890
-207.000000,1888
-208.000000,1888
-209.000000,1878
-210.000000,1875
-211.000000,1876
-212.000000,1880
-213.000000,1881
-214.000000,1879
-215.000000,1876
-216.000000,1874
-217.000000,1870
-218.000000,1868
-219.000000,1867
-220.000000,1864
-221.000000,1864
-222.000000,1855
-223.000000,1853
-224.000000,1850
-225.000000,1853
-226.000000,1850
-227.000000,1849
-228.000000,1845
-229.000000,1844
-230.000000,1838
-231.000000,1831
-232.000000,1836
-233.000000,1837
-234.000000,1835
-235.000000,1833
-236.000000,1832
-237.000000,1833
-238.000000,1826
-239.000000,1826
-240.000000,1822
-241.000000,1820
-242.000000,1818
-243.000000,1820
-244.000000,1819
-245.000000,1815
-246.000000,1814
-247.000000,1816
-248.000000,1812
-249.000000,1807
-250.000000,1809
-251.000000,1795
-252.000000,1807
-253.000000,1803
-254.000000,1800
-255.000000,1795
-256.000000,1809
-257.000000,1800
-258.000000,1802
-259.000000,1801
-260.000000,1800
-261.000000,1798
-262.000000,1796
-263.000000,1795
-264.000000,1792
-265.000000,1790
-266.000000,1788
-267.000000,1783
-268.000000,1783
-269.000000,1777
-270.000000,1769
-271.000000,1774
-272.000000,1776
-273.000000,1776
-274.000000,1775
-275.000000,1770
-276.000000,1769
-277.000000,1760
-278.000000,1761
-279.000000,1760
-280.000000,1759
-281.000000,1758
-282.000000,1750
-283.000000,1750
-284.000000,1750
-285.000000,1744
-286.000000,1742
-287.000000,1742
-288.000000,1739
-289.000000,1738
-290.000000,1734
-291.000000,1732
-292.000000,1730
-293.000000,1730
-294.000000,1727
-295.000000,1724
-296.000000,1720
-297.000000,1719
-298.000000,1718
-299.000000,1716
-300.000000,1715
-301.000000,1715
-302.000000,1715
-303.000000,1711
-304.000000,1708
-305.000000,1706
-306.000000,1705
-307.000000,1704
-308.000000,1702
-309.000000,1701
-310.000000,1700
-311.000000,1699
-312.000000,1699
-313.000000,1694
-314.000000,1691
-315.000000,1687
-316.000000,1686
-317.000000,1687
-318.000000,1686
-319.000000,1686
-320.000000,1684
-321.000000,1682
-322.000000,1679
-323.000000,1678
-324.000000,1675
-325.000000,1673
-326.000000,1669
-327.000000,1669
-328.000000,1669
-329.000000,1668
-330.000000,1665
-331.000000,1661
-332.000000,1645
-333.000000,1658
-334.000000,1656
-335.000000,1655
-336.000000,1651
-337.000000,1650
-338.000000,1645
-339.000000,1649
-340.000000,1649
-341.000000,1644
-342.000000,1642
-343.000000,1627
-344.000000,1638
-345.000000,1639
-346.000000,1636
-347.000000,1633
-348.000000,1631
-349.000000,1631
-350.000000,1630
-351.000000,1628
-352.000000,1625
-353.000000,1623
-354.000000,1621
-355.000000,1619
-356.000000,1617
-357.000000,1615
-358.000000,1615
-359.000000,1612
-360.000000,1613
-361.000000,1609
-362.000000,1611
-363.000000,1608
-364.000000,1603
-365.000000,1605
-366.000000,1607
-367.000000,1604
-368.000000,1604
-369.000000,1603
-370.000000,1604
-371.000000,1601
-372.000000,1599
-373.000000,1594
-374.000000,1592
-375.000000,1592
-376.000000,1589
-377.000000,1587
-378.000000,1584
-379.000000,1584
-380.000000,1585
-381.000000,1582
-382.000000,1583
-383.000000,1582
-384.000000,1579
-385.000000,1581
-386.000000,1582
-387.000000,1576
-388.000000,1571
-389.000000,1573
-390.000000,1573
-391.000000,1563
-392.000000,1568
-393.000000,1565
-394.000000,1565
-395.000000,1563
-396.000000,1556
-397.000000,1543
-398.000000,1558
-399.000000,1554
-400.000000,1552
-401.000000,1550
-402.000000,1541
-403.000000,1546
-404.000000,1542
-405.000000,1542
-406.000000,1537
-407.000000,1537
-408.000000,1535
-409.000000,1534
-410.000000,1533
-411.000000,1529
-412.000000,1532
-413.000000,1530
-414.000000,1528
-415.000000,1526
-416.000000,1517
-417.000000,1522
-418.000000,1518
-419.000000,1511
-420.000000,1514
-421.000000,1515
-422.000000,1513
-423.000000,1502
-424.000000,1507
-425.000000,1505
-426.000000,1507
-427.000000,1506
-428.000000,1504
-429.000000,1502
-430.000000,1501
-431.000000,1499
-432.000000,1496
-433.000000,1493
-434.000000,1495
-435.000000,1492
-436.000000,1490
-437.000000,1486
-438.000000,1488
-439.000000,1485
-440.000000,1485
-441.000000,1485
-442.000000,1480
-443.000000,1479
-444.000000,1478
-445.000000,1477
-446.000000,1474
-447.000000,1472
-448.000000,1469
-449.000000,1469
-450.000000,1469
-451.000000,1466
-452.000000,1465
-453.000000,1463
-454.000000,1457
-455.000000,1457
-456.000000,1453
-457.000000,1452
-458.000000,1449
-459.000000,1445
-460.000000,1445
-461.000000,1442
-462.000000,1444
-463.000000,1440
-464.000000,1436
-465.000000,1431
-466.000000,1427
-467.000000,1429
-468.000000,1428
-469.000000,1426
-470.000000,1423
-471.000000,1422
-472.000000,1420
-473.000000,1420
-474.000000,1417
-475.000000,1414
-476.000000,1414
-477.000000,1409
-478.000000,1406
-479.000000,1402
-480.000000,1405
-481.000000,1402
-482.000000,1401
-483.000000,1399
-484.000000,1393
-485.000000,1394
-486.000000,1385
-487.000000,1395
-488.000000,1394
-489.000000,1392
-490.000000,1392
-491.000000,1385
-492.000000,1387
-493.000000,1376
-494.000000,1383
-495.000000,1381
-496.000000,1379
-497.000000,1374
-498.000000,1375
-499.000000,1360
-500.000000,1370
-501.000000,1371
-502.000000,1371
-503.000000,1369
-504.000000,1367
-505.000000,1362
-506.000000,1364
-507.000000,1363
-508.000000,1360
-509.000000,1355
-510.000000,1355
-511.000000,1353
-512.000000,1349
-513.000000,1346
-514.000000,1347
-515.000000,1344
-516.000000,1341
-517.000000,1338
-518.000000,1334
-519.000000,1335
-520.000000,1334
-521.000000,1333
-522.000000,1332
-523.000000,1330
-524.000000,1327
-525.000000,1324
-526.000000,1322
-527.000000,1322
-528.000000,1324
-529.000000,1322
-530.000000,1318
-531.000000,1316
-532.000000,1312
-533.000000,1312
-534.000000,1309
-535.000000,1305
-536.000000,1300
-537.000000,1299
-538.000000,1299
-539.000000,1298
-540.000000,1304
-541.000000,1296
-542.000000,1293
-543.000000,1297
-544.000000,1295
-545.000000,1291
-546.000000,1293
-547.000000,1289
-548.000000,1287
-549.000000,1284
-550.000000,1285
-551.000000,1283
-552.000000,1278
-553.000000,1278
-554.000000,1274
-555.000000,1273
-556.000000,1272
-557.000000,1268
-558.000000,1270
-559.000000,1269
-560.000000,1267
-561.000000,1267
-562.000000,1266
-563.000000,1264
-564.000000,1261
-565.000000,1258
-566.000000,1255
-567.000000,1253
-568.000000,1245
-569.000000,1251
-570.000000,1237
-571.000000,1249
-572.000000,1249
-573.000000,1246
-574.000000,1234
-575.000000,1243
-576.000000,1240
-577.000000,1238
-578.000000,1234
-579.000000,1228
-580.000000,1226
-581.000000,1227
-582.000000,1226
-583.000000,1226
-584.000000,1226
-585.000000,1223
-586.000000,1220
-587.000000,1214
-588.000000,1219
-589.000000,1214
-590.000000,1205
-591.000000,1212
-592.000000,1212
-593.000000,1203
-594.000000,1206
-595.000000,1201
-596.000000,1204
-597.000000,1201
-598.000000,1196
-599.000000,1179
-600.000000,1194
-601.000000,1194
-602.000000,1194
-603.000000,1192
-604.000000,1193
-605.000000,1179
-606.000000,1187
-607.000000,1189
-608.000000,1184
-609.000000,1179
-610.000000,1168
-611.000000,1173
-612.000000,1178
-613.000000,1173
-614.000000,1175
-615.000000,1170
-616.000000,1165
-617.000000,1164
-618.000000,1163
-619.000000,1155
-620.000000,1158
-621.000000,1159
-622.000000,1159
-623.000000,1157
-624.000000,1148
-625.000000,1153
-626.000000,1153
-627.000000,1153
-628.000000,1152
-629.000000,1142
-630.000000,1138
-631.000000,1140
-632.000000,1130
-633.000000,1137
-634.000000,1136
-635.000000,1132
-636.000000,1132
-637.000000,1130
-638.000000,1130
-639.000000,1126
-640.000000,1123
-641.000000,1121
-642.000000,1121
-643.000000,1108
-644.000000,1116
-645.000000,1116
-646.000000,1115
-647.000000,1111
-648.000000,1104
-649.000000,1104
-650.000000,1087
-651.000000,1097
-652.000000,1090
-653.000000,1099
-654.000000,1100
-655.000000,1094
-656.000000,1092
-657.000000,1081
-658.000000,1084
-659.000000,1082
-660.000000,1082
-661.000000,1080
-662.000000,1076
-663.000000,1073
-664.000000,1070
-665.000000,1078
-666.000000,1077
-667.000000,1077
-668.000000,1075
-669.000000,1073
-670.000000,1068
-671.000000,1057
-672.000000,1068
-673.000000,1060
-674.000000,1052
-675.000000,1053
-676.000000,1046
-677.000000,1048
-678.000000,1048
-679.000000,1047
-680.000000,1044
-681.000000,1042
-682.000000,1037
-683.000000,1040
-684.000000,1038
-685.000000,1037
-686.000000,1028
-687.000000,1030
-688.000000,1025
-689.000000,1021
-690.000000,1022
-691.000000,1021
-692.000000,1021
-693.000000,1018
-694.000000,1014
-695.000000,1015
-696.000000,1014
-697.000000,1009
-698.000000,1007
-699.000000,1006
-700.000000,1006
-701.000000,1004
-702.000000,996
-703.000000,998
-704.000000,994
-705.000000,994
-706.000000,993
-707.000000,987
-708.000000,988
-709.000000,987
-710.000000,984
-711.000000,983
-712.000000,980
-713.000000,978
-714.000000,976
-715.000000,976
-716.000000,973
-717.000000,972
-718.000000,968
-719.000000,967
-720.000000,964
-721.000000,962
-720.000000,962
-719.000000,961
-718.000000,959
-717.000000,961
-716.000000,961
-715.000000,960
-714.000000,961
-713.000000,960
-712.000000,960
-711.000000,960
-710.000000,960
-709.000000,959
-708.000000,960
-707.000000,961
-706.000000,960
-705.000000,958
-704.000000,959
-703.000000,961
-702.000000,958
-701.000000,960
-700.000000,960
-699.000000,959
-698.000000,960
-697.000000,961
-696.000000,960
-695.000000,961
-694.000000,961
-693.000000,960
-692.000000,957
-691.000000,961
-690.000000,957
-689.000000,962
-688.000000,961
-687.000000,959
-686.000000,961
-685.000000,966
-684.000000,967
-683.000000,969
-682.000000,972
-681.000000,972
-680.000000,971
-679.000000,976
-678.000000,979
-677.000000,982
-676.000000,986
-675.000000,984
-674.000000,984
-673.000000,984
-672.000000,991
-671.000000,993
-670.000000,992
-669.000000,990
-668.000000,999
-667.000000,1004
-666.000000,1006
-665.000000,1007
-664.000000,1006
-663.000000,1008
-662.000000,1006
-661.000000,1014
-660.000000,1017
-659.000000,1001
-658.000000,1018
-657.000000,1014
-656.000000,1018
-655.000000,1013
-654.000000,1022
-653.000000,1022
-652.000000,1022
-651.000000,1022
-650.000000,1015
-649.000000,1025
-648.000000,1015
-647.000000,1035
-646.000000,1038
-645.000000,1032
-644.000000,1040
-643.000000,1044
-642.000000,1044
-641.000000,1038
-640.000000,1046
-639.000000,1051
-638.000000,1053
-637.000000,1054
-636.000000,1058
-635.000000,1058
-634.000000,1069
-633.000000,1069
-632.000000,1071
-631.000000,1074
-630.000000,1072
-629.000000,1077
-628.000000,1075
-627.000000,1080
-626.000000,1082
-625.000000,1085
-624.000000,1086
-623.000000,1087
-622.000000,1082
-621.000000,1092
-620.000000,1095
-619.000000,1097
-618.000000,1100
-617.000000,1097
-616.000000,1103
-615.000000,1105
-614.000000,1106
-613.000000,1107
-612.000000,1109
-611.000000,1114
-610.000000,1116
-609.000000,1113
-608.000000,1105
-607.000000,1118
-606.000000,1121
-605.000000,1123
-604.000000,1123
-603.000000,1115
-602.000000,1128
-601.000000,1129
-600.000000,1131
-599.000000,1131
-598.000000,1131
-597.000000,1121
-596.000000,1127
-595.000000,1136
-594.000000,1138
-593.000000,1139
-592.000000,1141
-591.000000,1143
-590.000000,1146
-589.000000,1150
-588.000000,1139
-587.000000,1153
-586.000000,1153
-585.000000,1155
-584.000000,1149
-583.000000,1156
-582.000000,1158
-581.000000,1158
-580.000000,1160
-579.000000,1164
-578.000000,1156
-577.000000,1171
-576.000000,1174
-575.000000,1176
-574.000000,1178
-573.000000,1179
-572.000000,1166
-571.000000,1181
-570.000000,1185
-569.000000,1187
-568.000000,1192
-567.000000,1194
-566.000000,1186
-565.000000,1194
-564.000000,1195
-563.000000,1201
-562.000000,1203
-561.000000,1203
-560.000000,1204
-559.000000,1205
-558.000000,1207
-557.000000,1211
-556.000000,1213
-555.000000,1216
-554.000000,1215
-553.000000,1219
-552.000000,1220
-551.000000,1221
-550.000000,1222
-549.000000,1224
-548.000000,1225
-547.000000,1226
-546.000000,1226
-545.000000,1229
-544.000000,1230
-543.000000,1232
-542.000000,1234
-541.000000,1237
-540.000000,1248
-539.000000,1240
-538.000000,1242
-537.000000,1244
-536.000000,1246
-535.000000,1247
-534.000000,1248
-533.000000,1248
-532.000000,1248
-531.000000,1249
-530.000000,1249
-529.000000,1251
-528.000000,1253
-527.000000,1254
-526.000000,1254
-525.000000,1259
-524.000000,1261
-523.000000,1265
-522.000000,1266
-521.000000,1267
-520.000000,1268
-519.000000,1269
-518.000000,1271
-517.000000,1272
-516.000000,1274
-515.000000,1276
-514.000000,1278
-513.000000,1281
-512.000000,1283
-511.000000,1284
-510.000000,1283
-509.000000,1288
-508.000000,1291
-507.000000,1296
-506.000000,1296
-505.000000,1297
-504.000000,1297
-503.000000,1296
-502.000000,1299
-501.000000,1299
-500.000000,1305
-499.000000,1308
-498.000000,1308
-497.000000,1313
-496.000000,1316
-495.000000,1317
-494.000000,1320
-493.000000,1321
-492.000000,1322
-491.000000,1323
-490.000000,1323
-489.000000,1322
-488.000000,1327
-487.000000,1331
-486.000000,1333
-485.000000,1333
-484.000000,1332
-483.000000,1334
-482.000000,1335
-481.000000,1338
-480.000000,1341
-479.000000,1344
-478.000000,1346
-477.000000,1342
-476.000000,1347
-475.000000,1349
-474.000000,1352
-473.000000,1355
-472.000000,1355
-471.000000,1356
-470.000000,1359
-469.000000,1363
-468.000000,1364
-467.000000,1365
-466.000000,1366
-465.000000,1368
-464.000000,1371
-463.000000,1372
-462.000000,1373
-461.000000,1373
-460.000000,1375
-459.000000,1377
-458.000000,1380
-457.000000,1382
-456.000000,1384
-455.000000,1385
-454.000000,1388
-453.000000,1390
-452.000000,1392
-451.000000,1393
-450.000000,1395
-449.000000,1396
-448.000000,1399
-447.000000,1401
-446.000000,1403
-445.000000,1405
-444.000000,1409
-443.000000,1411
-442.000000,1413
-441.000000,1416
-440.000000,1418
-439.000000,1420
-438.000000,1421
-437.000000,1425
-436.000000,1425
-435.000000,1427
-434.000000,1428
-433.000000,1429
-432.000000,1432
-431.000000,1434
-430.000000,1437
-429.000000,1440
-428.000000,1442
-427.000000,1444
-426.000000,1445
-425.000000,1446
-424.000000,1450
-423.000000,1451
-422.000000,1454
-421.000000,1448
-420.000000,1458
-419.000000,1459
-418.000000,1460
-417.000000,1461
-416.000000,1462
-415.000000,1465
-414.000000,1460
-413.000000,1465
-412.000000,1468
-411.000000,1468
-410.000000,1469
-409.000000,1465
-408.000000,1471
-407.000000,1465
-406.000000,1476
-405.000000,1478
-404.000000,1478
-403.000000,1482
-402.000000,1484
-401.000000,1485
-400.000000,1477
-399.000000,1485
-398.000000,1489
-397.000000,1491
-396.000000,1492
-395.000000,1479
-394.000000,1492
-393.000000,1498
-392.000000,1500
-391.000000,1502
-390.000000,1505
-389.000000,1501
-388.000000,1508
-387.000000,1511
-386.000000,1513
-385.000000,1514
-384.000000,1517
-383.000000,1521
-382.000000,1522
-381.000000,1525
-380.000000,1527
-379.000000,1530
-378.000000,1533
-377.000000,1533
-376.000000,1533
-375.000000,1533
-374.000000,1534
-373.000000,1534
-372.000000,1538
-371.000000,1539
-370.000000,1543
-369.000000,1544
-368.000000,1547
-367.000000,1550
-366.000000,1551
-365.000000,1553
-364.000000,1556
-363.000000,1559
-362.000000,1559
-361.000000,1561
-360.000000,1563
-359.000000,1564
-358.000000,1565
-357.000000,1565
-356.000000,1567
-355.000000,1567
-354.000000,1568
-353.000000,1567
-352.000000,1570
-351.000000,1574
-350.000000,1575
-349.000000,1575
-348.000000,1576
-347.000000,1581
-346.000000,1581
-345.000000,1582
-344.000000,1582
-343.000000,1583
-342.000000,1582
-341.000000,1573
-340.000000,1584
-339.000000,1585
-338.000000,1591
-337.000000,1591
-336.000000,1586
-335.000000,1594
-334.000000,1597
-333.000000,1601
-332.000000,1602
-331.000000,1602
-330.000000,1604
-329.000000,1604
-328.000000,1605
-327.000000,1607
-326.000000,1610
-325.000000,1613
-324.000000,1614
-323.000000,1616
-322.000000,1618
-321.000000,1620
-320.000000,1622
-319.000000,1624
-318.000000,1624
-317.000000,1628
-316.000000,1631
-315.000000,1630
-314.000000,1632
-313.000000,1634
-312.000000,1637
-311.000000,1638
-310.000000,1640
-309.000000,1640
-308.000000,1642
-307.000000,1644
-306.000000,1649
-305.000000,1651
-304.000000,1650
-303.000000,1650
-302.000000,1653
-301.000000,1655
-300.000000,1655
-299.000000,1657
-298.000000,1661
-297.000000,1661
-296.000000,1662
-295.000000,1662
-294.000000,1662
-293.000000,1665
-292.000000,1668
-291.000000,1668
-290.000000,1669
-289.000000,1670
-288.000000,1673
-287.000000,1675
-286.000000,1678
-285.000000,1680
-284.000000,1688
-283.000000,1691
-282.000000,1692
-281.000000,1693
-280.000000,1693
-279.000000,1694
-278.000000,1696
-277.000000,1697
-276.000000,1700
-275.000000,1704
-274.000000,1705
-273.000000,1707
-272.000000,1708
-271.000000,1707
-270.000000,1705
-269.000000,1710
-268.000000,1719
-267.000000,1721
-266.000000,1722
-265.000000,1723
-264.000000,1725
-263.000000,1726
-262.000000,1730
-261.000000,1734
-260.000000,1736
-259.000000,1737
-258.000000,1737
-257.000000,1741
-256.000000,1754
-255.000000,1741
-254.000000,1741
-253.000000,1742
-252.000000,1744
-251.000000,1734
-250.000000,1744
-249.000000,1745
-248.000000,1753
-247.000000,1754
-246.000000,1755
-245.000000,1755
-244.000000,1756
-243.000000,1763
-242.000000,1765
-241.000000,1767
-240.000000,1768
-239.000000,1769
-238.000000,1770
-237.000000,1774
-236.000000,1772
-235.000000,1771
-234.000000,1772
-233.000000,1773
-232.000000,1778
-231.000000,1770
-230.000000,1781
-229.000000,1783
-228.000000,1785
-227.000000,1785
-226.000000,1789
-225.000000,1792
-224.000000,1790
-223.000000,1792
-222.000000,1792
-221.000000,1801
-220.000000,1801
-219.000000,1802
-218.000000,1806
-217.000000,1808
-216.000000,1812
-215.000000,1813
-214.000000,1815
-213.000000,1816
-212.000000,1817
-211.000000,1816
-210.000000,1818
-209.000000,1821
-208.000000,1826
-207.000000,1827
-206.000000,1834
-205.000000,1836
-204.000000,1836
-203.000000,1837
-202.000000,1838
-201.000000,1839
-200.000000,1841
-199.000000,1842
-198.000000,1838
-197.000000,1839
-196.000000,1840
-195.000000,1845
-194.000000,1849
-193.000000,1851
-192.000000,1844
-191.000000,1853
-190.000000,1857
-189.000000,1858
-188.000000,1858
-187.000000,1861
-186.000000,1862
-185.000000,1863
-184.000000,1866
-183.000000,1869
-182.000000,1870
-181.000000,1873
-180.000000,1874
-179.000000,1874
-178.000000,1874
-177.000000,1875
-176.000000,1876
-175.000000,1875
-174.000000,1875
-173.000000,1875
-172.000000,1881
-171.000000,1882
-170.000000,1883
-169.000000,1883
-168.000000,1884
-167.000000,1886
-166.000000,1888
-165.000000,1885
-164.000000,1895
-163.000000,1886
-162.000000,1893
-161.000000,1896
-160.000000,1899
-159.000000,1901
-158.000000,1903
-157.000000,1897
-156.000000,1906
-155.000000,1908
-154.000000,1909
-153.000000,1911
-152.000000,1913
-151.000000,1915
-150.000000,1920
-149.000000,1921
-148.000000,1926
-147.000000,1927
-146.000000,1927
-145.000000,1929
-144.000000,1928
-143.000000,1932
-142.000000,1936
-141.000000,1937
-140.000000,1939
-139.000000,1940
-138.000000,1942
-137.000000,1942
-136.000000,1942
-135.000000,1943
-134.000000,1945
-133.000000,1946
-132.000000,1947
-131.000000,1949
-130.000000,1954
-129.000000,1957
-128.000000,1960
-127.000000,1959
-126.000000,1961
-125.000000,1963
-124.000000,1965
-123.000000,1964
-122.000000,1954
-121.000000,1962
-120.000000,1965
-119.000000,1970
-118.000000,1972
-117.000000,1975
-116.000000,1991
-115.000000,1982
-114.000000,1989
-113.000000,1990
-112.000000,1987
-111.000000,1989
-110.000000,1997
-109.000000,2000
-108.000000,2002
-107.000000,1986
-106.000000,1988
-105.000000,1991
-104.000000,1995
-103.000000,1995
-102.000000,1996
-101.000000,1997
-100.000000,2000
-99.000000,2001
-98.000000,2005
-97.000000,2005
-96.000000,2007
-95.000000,2011
-94.000000,2013
-93.000000,2015
-92.000000,2016
-91.000000,2020
-90.000000,2015
-89.000000,2026
-88.000000,2027
-87.000000,2029
-86.000000,2029
-85.000000,2032
-84.000000,2037
-83.000000,2039
-82.000000,2040
-81.000000,2042
-80.000000,2045
-79.000000,2048
-78.000000,2050
-77.000000,2052
-76.000000,2052
-75.000000,2054
-74.000000,2056
-73.000000,2059
-72.000000,2059
-71.000000,2059
-70.000000,2061
-69.000000,2065
-68.000000,2067
-67.000000,2073
-66.000000,2075
-65.000000,2076
-64.000000,2078
-63.000000,2079
-62.000000,2082
-61.000000,2086
-60.000000,2087
-59.000000,2088
-58.000000,2091
-57.000000,2092
-56.000000,2093
-55.000000,2094
-54.000000,2094
-53.000000,2096
-52.000000,2096
-51.000000,2101
-50.000000,2103
-49.000000,2104
-48.000000,2105
-47.000000,2108
-46.000000,2109
-45.000000,2112
-44.000000,2117
-43.000000,2122
-42.000000,2126
-41.000000,2133
-40.000000,2139
-39.000000,2139
-38.000000,2124
-37.000000,2127
-36.000000,2131
-35.000000,2133
-34.000000,2133
-33.000000,2137
-32.000000,2140
-31.000000,2140
-30.000000,2139
-29.000000,2142
-28.000000,2144
-27.000000,2148
-26.000000,2149
-25.000000,2150
-24.000000,2155
-23.000000,2155
-22.000000,2150
-21.000000,2162
-20.000000,2163
-19.000000,2179
-18.000000,2186
-17.000000,2182
-16.000000,2190
-15.000000,2187
-14.000000,2166
-13.000000,2175
-12.000000,2193
-11.000000,2190
-10.000000,2198
-9.000000,2190
-8.000000,2174
-7.000000,2182
-6.000000,2207
-5.000000,2210
-4.000000,2194
-3.000000,2201
-2.000000,2201
-1.000000,2188
0.000000,2198
1.000000,2207
2.000000,2192
3.000000,2210
4.000000,2206
5.000000,2216
6.000000,2212
7.000000,2213
8.000000,2211
9.000000,2205
10.000000,2214
11.000000,2215
12.000000,2217
13.000000,2225
14.000000,2227
15.000000,2236
16.000000,2226
17.000000,2229
18.000000,2230
19.000000,2231
20.000000,2232
21.000000,2231
22.000000,2235
23.000000,2237
24.000000,2236
25.000000,2240
26.000000,2242
27.000000,2242
28.000000,2242
29.000000,2244
30.000000,2245
31.000000,2246
32.000000,2250
33.000000,2252
34.000000,2257
35.000000,2259
36.000000,2259
37.000000,2261
38.000000,2264
39.000000,2265
40.000000,2265
41.000000,2265
42.000000,2268
43.000000,2269
44.000000,2272
45.000000,2275
46.000000,2276
47.000000,2279
48.000000,2279
49.000000,2280
50.000000,2274
51.000000,2266
52.000000,2281
53.000000,2289
54.000000,2290
55.000000,2291
56.000000,2294
57.000000,2297
58.000000,2297
59.000000,2300
60.000000,2297
61.000000,2299
62.000000,2303
63.000000,2304
64.000000,2304
65.000000,2307
66.000000,2304
67.000000,2309
68.000000,2310
69.000000,2313
70.000000,2303
71.000000,2313
72.000000,2314
73.000000,2319
74.000000,2318
75.000000,2320
76.000000,2327
77.000000,2328
78.000000,2331
79.000000,2333
80.000000,2325
81.000000,2334
82.000000,2334
83.000000,2336
84.000000,2335
85.000000,2323
86.000000,2326
87.000000,2344
88.000000,2347
89.000000,2348
90.000000,2350
91.000000,2348
92.000000,2340
93.000000,2356
94.000000,2356
95.000000,2357
96.000000,2352
97.000000,2359
98.000000,2366
99.000000,2365
100.000000,2365
101.000000,2371
102.000000,2365
103.000000,2367
104.000000,2378
105.000000,2379
106.000000,2379
107.000000,2381
108.000000,2381
109.000000,2386
110.000000,2388
111.000000,2388
112.000000,2384
113.000000,2389
114.000000,2395
115.000000,2393
116.000000,2397
117.000000,2401
118.000000,2402
119.000000,2405
120.000000,2407
121.000000,2409
122.000000,2408
123.000000,2409
124.000000,2410
125.000000,2410
126.000000,2413
127.000000,2414
128.000000,2414
129.000000,2417
130.000000,2416
131.000000,2411
132.000000,2420
133.000000,2426
134.000000,2428
135.000000,2429
136.000000,2428
137.000000,2430
138.000000,2428
139.000000,2426
140.000000,2433
141.000000,2435
142.000000,2437
143.000000,2440
144.000000,2442
145.000000,2445
146.000000,2446
147.000000,2451
148.000000,2452
149.000000,2454
150.000000,2453
151.000000,2442
152.000000,2452
153.000000,2460
154.000000,2465
155.000000,2467
156.000000,2467
157.000000,2472
158.000000,2473
159.000000,2474
160.000000,2476
161.000000,2477
162.000000,2480
163.000000,2479
164.000000,2482
165.000000,2485
166.000000,2488
167.000000,2490
168.000000,2491
169.000000,2494
170.000000,2491
171.000000,2496
172.000000,2502
173.000000,2497
174.000000,2500
175.000000,2501
176.000000,2502
177.000000,2503
178.000000,2505
179.000000,2507
180.000000,2507
181.000000,2513
182.000000,2511
183.000000,2513
184.000000,2513
185.000000,2514
186.000000,2515
187.000000,2516
188.000000,2519
189.000000,2521
190.000000,2522
191.000000,2525
192.000000,2527
193.000000,2527
194.000000,2528
195.000000,2529
196.000000,2530
197.000000,2534
198.000000,2537
199.000000,2537
200.000000,2535
201.000000,2540
202.000000,2542
203.000000,2544
204.000000,2545
205.000000,2548
206.000000,2548
207.000000,2554
208.000000,2556
209.000000,2554
210.000000,2553
211.000000,2556
212.000000,2557
213.000000,2558
214.000000,2555
215.000000,2567
216.000000,2567
217.000000,2570
218.000000,2570
219.000000,2569
220.000000,2559
221.000000,2575
222.000000,2576
223.000000,2576
224.000000,2581
225.000000,2582
226.000000,2586
227.000000,2583
228.000000,2588
229.000000,2590
230.000000,2594
231.000000,2594
232.000000,2594
233.000000,2596
234.000000,2590
235.000000,2595
236.000000,2597
237.000000,2604
238.000000,2605
239.000000,2604
240.000000,2599
241.000000,2610
242.000000,2600
243.000000,2612
244.000000,2617
245.000000,2619
246.000000,2618
247.000000,2608
248.000000,2616
249.000000,2619
250.000000,2623
251.000000,2623
252.000000,2626
253.000000,2629
254.000000,2628
255.000000,2632
256.000000,2633
257.000000,2633
258.000000,2633
259.000000,2638
260.000000,2638
261.000000,2640
262.000000,2639
263.000000,2643
264.000000,2644
265.000000,2647
266.000000,2648
267.000000,2652
268.000000,2652
269.000000,2654
270.000000,2653
271.000000,2660
272.000000,2662
273.000000,2664
274.000000,2664
275.000000,2666
276.000000,2671
277.000000,2672
278.000000,2675
279.000000,2675
280.000000,2677
281.000000,2679
282.000000,2680
283.000000,2682
284.000000,2682
285.000000,2685
286.000000,2686
287.000000,2690
288.000000,2690
289.000000,2693
290.000000,2694
291.000000,2696
292.000000,2700
293.000000,2702
294.000000,2706
295.000000,2707
296.000000,2705
297.000000,2710
298.000000,2714
299.000000,2714
300.000000,2715
301.000000,2731
302.000000,2718
303.000000,2718
304.000000,2720
305.000000,2743
306.000000,2726
307.000000,2721
308.000000,2743
309.000000,2746
310.000000,2732
311.000000,2744
312.000000,2747
313.000000,2735
314.000000,2730
315.000000,2737
316.000000,2735
317.000000,2742
318.000000,2743
319.000000,2743
320.000000,2746
321.000000,2735
322.000000,2747
323.000000,2750
324.000000,2752
325.000000,2757
326.000000,2758
327.000000,2760
328.000000,2760
329.000000,2762
330.000000,2764
331.000000,2768
332.000000,2771
333.000000,2771
334.000000,2774
335.000000,2774
336.000000,2777
337.000000,2779
338.000000,2780
339.000000,2781
340.000000,2787
341.000000,2790
342.000000,2793
343.000000,2794
344.000000,2796
345.000000,2800
346.000000,2799
347.000000,2799
348.000000,2804
349.000000,2808
350.000000,2817
351.000000,2815
352.000000,2819
353.000000,2820
354.000000,2826
355.000000,2829
356.000000,2827
357.000000,2827
358.000000,2824
359.000000,2829
360.000000,2823
361.000000,2823
362.000000,2825
363.000000,2827
364.000000,2829
365.000000,2831
366.000000,2831
367.000000,2831
368.000000,2833
369.000000,2836
370.000000,2835
371.000000,2839
372.000000,2838
373.000000,2841
374.000000,2838
375.000000,2843
376.000000,2842
377.000000,2846
378.000000,2845
379.000000,2848
380.000000,2852
381.000000,2857
382.000000,2856
383.000000,2858
384.000000,2857
385.000000,2861
386.000000,2861
387.000000,2863
388.000000,2866
389.000000,2867
390.000000,2868
391.000000,2866
392.000000,2871
393.000000,2874
394.000000,2873
395.000000,2879
396.000000,2880
397.000000,2881
398.000000,2886
399.000000,2886
400.000000,2889
401.000000,2894
402.000000,2894
403.000000,2891
404.000000,2895
405.000000,2899
406.000000,2889
407.000000,2897
408.000000,2900
409.000000,2890
410.000000,2906
411.000000,2909
412.000000,2913
413.000000,2915
414.000000,2917
415.000000,2913
416.000000,2914
417.000000,2922
418.000000,2925
419.000000,2927
420.000000,2928
421.000000,2925
422.000000,2931
423.000000,2932
424.000000,2933
425.000000,2932
426.000000,2932
427.000000,2914
428.000000,2926
429.000000,2944
430.000000,2945
431.000000,2945
432.000000,2941
433.000000,2947
434.000000,2950
435.000000,2955
436.000000,2951
437.000000,2954
438.000000,2958
439.000000,2961
440.000000,2962
441.000000,2954
442.000000,2965
443.000000,2968
444.000000,2971
445.000000,2973
446.000000,2971
447.000000,2974
448.000000,2977
449.000000,2980
450.000000,2978
451.000000,2986
452.000000,2985
453.000000,2988
454.000000,2986
455.000000,2986
456.000000,2979
457.000000,2992
458.000000,2994
459.000000,2995
460.000000,3002
461.000000,2994
462.000000,3004
463.000000,3004
464.000000,3008
465.000000,3011
466.000000,3014
467.000000,3004
468.000000,3015
469.000000,3018
470.000000,3019
471.000000,3022
472.000000,3022
473.000000,3021
474.000000,3017
475.000000,3025
476.000000,3031
477.000000,3026
478.000000,3034
479.000000,3036
480.000000,3037
481.000000,3037
482.000000,3036
483.000000,3039
484.000000,3037
485.000000,3038
486.000000,3037
487.000000,3033
488.000000,3039
489.000000,3044
490.000000,3042
491.000000,3049
492.000000,3054
493.000000,3053
494.000000,3058
495.000000,3060
496.000000,3060
497.000000,3060
498.000000,3065
499.000000,3058
500.000000,3064
501.000000,3070
502.000000,3072
503.000000,3072
504.000000,3059
505.000000,3073
506.000000,3076
507.000000,3082
508.000000,3083
509.000000,3075
510.000000,3082
511.000000,3088
512.000000,3090
513.000000,3089
514.000000,3096
515.000000,3097
516.000000,3097
517.000000,3105
518.000000,3103
519.000000,3102
520.000000,3104
521.000000,3110
522.000000,3114
523.000000,3115
524.000000,3114
525.000000,3116
526.000000,3119
527.000000,3119
528.000000,3121
529.000000,3122
530.000000,3123
531.000000,3126
532.000000,3130
533.000000,3132
534.000000,3134
535.000000,3137
536.000000,3137
537.000000,3139
538.000000,3140
539.000000,3141
540.000000,3139
541.000000,3142
542.000000,3146
543.000000,3146
544.000000,3148
545.000000,3146
546.000000,3151
547.000000,3152
548.000000,3155
549.000000,3155
550.000000,3157
551.000000,3158
552.000000,3159
553.000000,3161
554.000000,3161
555.000000,3162
556.000000,3165
557.000000,3169
558.000000,3169
559.000000,3169
560.000000,3170
561.000000,3171
562.000000,3174
563.000000,3173
564.000000,3175
565.000000,3179
566.000000,3182
567.000000,3184
568.000000,3182
569.000000,3186
570.000000,3187
571.000000,3189
572.000000,3191
573.000000,3195
574.000000,3196
575.000000,3189
576.000000,3198
577.000000,3204
578.000000,3204
579.000000,3204
580.000000,3202
581.000000,3208
582.000000,3211
583.000000,3212
584.000000,3215
585.000000,3219
586.000000,3219
587.000000,3218
588.000000,3221
589.000000,3221
590.000000,3211
591.000000,3226
592.000000,3228
593.000000,3225
594.000000,3236
595.000000,3222
596.000000,3236
597.000000,3240
598.000000,3238
599.000000,3243
600.000000,3242
601.000000,3244
602.000000,3236
603.000000,3248
604.000000,3250
605.000000,3249
606.000000,3242
607.000000,3251
608.000000,3253
609.000000,3253
610.000000,3257
611.000000,3259
612.000000,3264
613.000000,3267
614.000000,3267
615.000000,3268
616.000000,3270
617.000000,3272
618.000000,3270
619.000000,3273
620.000000,3272
621.000000,3275
622.000000,3280
623.000000,3279
624.000000,3281
625.000000,3286
626.000000,3286
627.000000,3287
628.000000,3287
629.000000,3294
630.000000,3295
631.000000,3295
632.000000,3298
633.000000,3297
634.000000,3299
635.000000,3299
636.000000,3301
637.000000,3308
638.000000,3309
639.000000,3311
640.000000,3312
641.000000,3314
642.000000,3314
643.000000,3318
644.000000,3321
645.000000,3319
646.000000,3321
647.000000,3325
648.000000,3326
649.000000,3326
650.000000,3328
651.000000,3330
652.000000,3333
653.000000,3335
654.000000,3339
655.000000,3340
656.000000,3342
657.000000,3344
658.000000,3347
659.000000,3347
660.000000,3351
661.000000,3349
662.000000,3353
663.000000,3350
664.000000,3352
665.000000,3353
666.000000,3354
667.000000,3359
668.000000,3362
669.000000,3359
670.000000,3363
671.000000,3366
672.000000,3364
673.000000,3366
674.000000,3359
675.000000,3367
676.000000,3364
677.000000,3373
678.000000,3373
679.000000,3374
680.000000,3375
681.000000,3370
682.000000,3380
683.000000,3381
684.000000,3385
685.000000,3384
686.000000,3389
687.000000,3385
688.000000,3392
689.000000,3390
690.000000,3391
691.000000,3398
692.000000,3399
693.000000,3401
694.000000,3401
695.000000,3403
696.000000,3404
697.000000,3409
698.000000,3408
699.000000,3412
700.000000,3414
701.000000,3414
702.000000,3415
703.000000,3419
704.000000,3425
705.000000,3424
706.000000,3423
707.000000,3422
708.000000,3429
709.000000,3431
710.000000,3432
711.000000,3435
712.000000,3437
713.000000,3437
714.000000,3439
715.000000,3442
716.000000,3442
717.000000,3442
718.000000,3446
719.000000,3448
720.000000,3448
721.000000,3450
720.000000,3451
719.000000,3459
718.000000,3458
717.000000,3456
716.000000,3459
715.000000,3464
714.000000,3460
713.000000,3454
712.000000,3454
711.000000,3454
710.000000,3454
709.000000,3455
708.000000,3455
707.000000,3455
706.000000,3455
705.000000,3453
704.000000,3457
703.000000,3452
702.000000,3452
701.000000,3454
700.000000,3454
699.000000,3453
698.000000,3454
697.000000,3453
696.000000,3450
695.000000,3449
694.000000,3447
693.000000,3451
692.000000,3450
691.000000,3448
690.000000,3446
689.000000,3446
688.000000,3445
687.000000,3443
686.000000,3442
685.000000,3438
684.000000,3435
683.000000,3437
682.000000,3437
681.000000,3435
680.000000,3434
679.000000,3427
678.000000,3428
677.000000,3425
676.000000,3423
675.000000,3423
674.000000,3423
673.000000,3420
672.000000,3414
671.000000,3415
670.000000,3409
669.000000,3411
668.000000,3408
667.000000,3407
666.000000,3401
665.000000,3402
664.000000,3402
663.000000,3402
662.000000,3399
661.000000,3398
660.000000,3397
659.000000,3390
658.000000,3393
657.000000,3391
656.000000,3391
655.000000,3388
654.000000,3387
653.000000,3390
652.000000,3385
651.000000,3384
650.000000,3383
649.000000,3383
648.000000,3379
647.000000,3375
646.000000,3374
645.000000,3373
644.000000,3370
643.000000,3366
642.000000,3367
641.000000,3367
640.000000,3367
639.000000,3366
638.000000,3361
637.000000,3359
636.000000,3359
635.000000,3357
634.000000,3353
633.000000,3352
632.000000,3349
631.000000,3347
630.000000,3347
629.000000,3346
628.000000,3343
627.000000,3340
626.000000,3340
625.000000,3338
624.000000,3335
623.000000,3331
622.000000,3331
621.000000,3329
620.000000,3327
619.000000,3325
618.000000,3321
617.000000,3318
616.000000,3319
615.000000,3317
614.000000,3315
613.000000,3312
612.000000,3312
611.000000,3310
610.000000,3309
609.000000,3308
608.000000,3301
607.000000,3300
606.000000,3297
605.000000,3297
604.000000,3290
603.000000,3295
602.000000,3295
601.000000,3292
600.000000,3297
599.000000,3289
598.000000,3287
597.000000,3288
596.000000,3286
595.000000,3284
594.000000,3283
593.000000,3281
592.000000,3275
591.000000,3277
590.000000,3277
589.000000,3275
588.000000,3272
587.000000,3272
586.000000,3270
585.000000,3267
584.000000,3269
583.000000,3268
582.000000,3262
581.000000,3261
580.000000,3259
579.000000,3255
578.000000,3256
577.000000,3252
576.000000,3250
575.000000,3251
574.000000,3244
573.000000,3242
572.000000,3242
571.000000,3241
570.000000,3239
569.000000,3237
568.000000,3239
567.000000,3235
566.000000,3232
565.000000,3228
564.000000,3226
563.000000,3223
562.000000,3222
561.000000,3219
560.000000,3220
559.000000,3220
558.000000,3219
557.000000,3218
556.000000,3215
555.000000,3211
554.000000,3210
553.000000,3208
552.000000,3206
551.000000,3203
550.000000,3204
549.000000,3199
548.000000,3197
547.000000,3196
546.000000,3194
545.000000,3191
544.000000,3190
543.000000,3188
542.000000,3186
541.000000,3185
540.000000,3185
539.000000,3183
538.000000,3183
537.000000,3182
536.000000,3180
535.000000,3179
534.000000,3175
533.000000,3175
532.000000,3172
531.000000,3175
530.000000,3172
529.000000,3169
528.000000,3169
527.000000,3169
526.000000,3163
525.000000,3164
524.000000,3163
523.000000,3161
522.000000,3159
521.000000,3158
520.000000,3158
519.000000,3157
518.000000,3155
517.000000,3150
516.000000,3151
515.000000,3147
514.000000,3142
513.000000,3143
512.000000,3141
511.000000,3142
510.000000,3140
509.000000,3138
508.000000,3134
507.000000,3133
506.000000,3133
505.000000,3131
504.000000,3125
503.000000,3123
502.000000,3113
501.000000,3119
500.000000,3120
499.000000,3119
498.000000,3116
497.000000,3113
496.000000,3111
495.000000,3106
494.000000,3093
493.000000,3105
492.000000,3094
491.000000,3104
490.000000,3101
489.000000,3097
488.000000,3095
487.000000,3092
486.000000,3088
485.000000,3086
484.000000,3069
483.000000,3082
482.000000,3081
481.000000,3081
480.000000,3072
479.000000,3079
478.000000,3077
477.000000,3075
476.000000,3075
475.000000,3072
474.000000,3070
473.000000,3058
472.000000,3070
471.000000,3070
470.000000,3067
469.000000,3067
468.000000,3061
467.000000,3061
466.000000,3057
465.000000,3057
464.000000,3056
463.000000,3056
462.000000,3052
461.000000,3051
460.000000,3043
459.000000,3043
458.000000,3043
457.000000,3044
456.000000,3042
455.000000,3034
454.000000,3038
453.000000,3039
452.000000,3039
451.000000,3038
450.000000,3032
449.000000,3028
448.000000,3025
447.000000,3022
446.000000,3022
445.000000,3022
444.000000,3021
443.000000,3010
442.000000,3017
441.000000,3014
440.000000,3014
439.000000,3012
438.000000,3004
437.000000,3007
436.000000,3004
435.000000,3004
434.000000,3002
433.000000,2996
432.000000,2994
431.000000,2992
430.000000,2989
429.000000,2979
428.000000,2969
427.000000,2980
426.000000,2982
425.000000,2984
424.000000,2970
423.000000,2977
422.000000,2977
421.000000,2974
420.000000,2970
419.000000,2970
418.000000,2970
417.000000,2956
416.000000,2959
415.000000,2969
414.000000,2970
413.000000,2968
412.000000,2964
411.000000,2965
410.000000,2961
409.000000,2959
408.000000,2942
407.000000,2954
406.000000,2953
405.000000,2953
404.000000,2951
403.000000,2937
402.000000,2946
401.000000,2946
400.000000,2945
399.000000,2944
398.000000,2943
397.000000,2934
396.000000,2929
395.000000,2932
394.000000,2929
393.000000,2927
392.000000,2923
391.000000,2915
390.000000,2923
389.000000,2922
388.000000,2916
387.000000,2914
386.000000,2911
385.000000,2906
384.000000,2902
383.000000,2902
382.000000,2901
381.000000,2899
380.000000,2898
379.000000,2898
378.000000,2896
377.000000,2895
376.000000,2895
375.000000,2890
374.000000,2887
373.000000,2886
372.000000,2885
371.000000,2883
370.000000,2881
369.000000,2878
368.000000,2873
367.000000,2872
366.000000,2872
365.000000,2869
364.000000,2867
363.000000,2866
362.000000,2865
361.000000,2864
360.000000,2861
359.000000,2865
358.000000,2859
357.000000,2861
356.000000,2861
355.000000,2860
354.000000,2858
353.000000,2857
352.000000,2857
351.000000,2854
350.000000,2854
349.000000,2848
348.000000,2844
347.000000,2841
346.000000,2844
345.000000,2842
344.000000,2839
343.000000,2837
342.000000,2838
341.000000,2837
340.000000,2838
339.000000,2835
338.000000,2835
337.000000,2831
336.000000,2830
335.000000,2827
334.000000,2823
333.000000,2823
332.000000,2824
331.000000,2822
330.000000,2820
329.000000,2811
328.000000,2813
327.000000,2812
326.000000,2808
325.000000,2808
324.000000,2803
323.000000,2792
322.000000,2801
321.000000,2800
320.000000,2799
319.000000,2796
318.000000,2790
317.000000,2794
316.000000,2791
315.000000,2791
314.000000,2789
313.000000,2783
312.000000,2780
311.000000,2778
310.000000,2777
309.000000,2768
308.000000,2774
307.000000,2771
306.000000,2770
305.000000,2768
304.000000,2758
303.000000,2762
302.000000,2761
301.000000,2761
300.000000,2759
299.000000,2758
298.000000,2760
297.000000,2755
296.000000,2755
295.000000,2754
294.000000,2754
293.000000,2752
292.000000,2751
291.000000,2747
290.000000,2745
289.000000,2745
288.000000,2740
287.000000,2741
286.000000,2739
285.000000,2738
284.000000,2737
283.000000,2736
282.000000,2735
281.000000,2734
280.000000,2732
279.000000,2729
278.000000,2729
277.000000,2726
276.000000,2725
275.000000,2719
274.000000,2713
273.000000,2714
272.000000,2714
271.000000,2713
270.000000,2711
269.000000,2709
268.000000,2708
267.000000,2706
266.000000,2704
265.000000,2699
264.000000,2694
263.000000,2693
262.000000,2690
261.000000,2691
260.000000,2687
259.000000,2684
258.000000,2686
257.000000,2683
256.000000,2682
255.000000,2679
254.000000,2679
253.000000,2676
252.000000,2674
251.000000,2672
250.000000,2669
249.000000,2669
248.000000,2666
247.000000,2662
246.000000,2661
245.000000,2661
244.000000,2657
243.000000,2653
242.000000,2655
241.000000,2656
240.000000,2651
239.000000,2652
238.000000,2650
237.000000,2649
236.000000,2649
235.000000,2646
234.000000,2643
233.000000,2635
232.000000,2641
231.000000,2641
230.000000,2640
229.000000,2639
228.000000,2637
227.000000,2636
226.000000,2623
225.000000,2631
224.000000,2622
223.000000,2629
222.000000,2628
221.000000,2626
220.000000,2624
219.000000,2613
218.000000,2621
217.000000,2618
216.000000,2620
215.000000,2618
214.000000,2614
213.000000,2608
212.000000,2605
211.000000,2608
210.000000,2601
209.000000,2602
208.000000,2587
207.000000,2594
206.000000,2594
205.000000,2595
204.000000,2594
203.000000,2595
202.000000,2592
201.000000,2592
200.000000,2592
199.000000,2583
198.000000,2584
197.000000,2585
196.000000,2581
195.000000,2580
194.000000,2576
193.000000,2575
192.000000,2571
191.000000,2568
190.000000,2568
189.000000,2570
188.000000,2568
187.000000,2567
186.000000,2562
185.000000,2556
184.000000,2554
183.000000,2556
182.000000,2556
181.000000,2555
180.000000,2555
179.000000,2555
178.000000,2554
177.000000,2551
176.000000,2548
175.000000,2550
174.000000,2546
173.000000,2546
172.000000,2546
171.000000,2542
170.000000,2540
169.000000,2537
168.000000,2536
167.000000,2536
166.000000,2534
165.000000,2532
164.000000,2531
163.000000,2530
162.000000,2529
161.000000,2529
160.000000,2528
159.000000,2525
158.000000,2524
157.000000,2522
156.000000,2518
155.000000,2514
154.000000,2504
153.000000,2514
152.000000,2513
151.000000,2511
150.000000,2509
149.000000,2505
148.000000,2500
147.000000,2504
146.000000,2501
145.000000,2501
144.000000,2497
143.000000,2499
142.000000,2492
141.000000,2494
140.000000,2494
139.000000,2491
138.000000,2489
137.000000,2485
136.000000,2473
135.000000,2481
134.000000,2478
133.000000,2478
132.000000,2478
131.000000,2477
130.000000,2473
129.000000,2472
128.000000,2469
127.000000,2465
126.000000,2467
125.000000,2461
124.000000,2457
123.000000,2455
122.000000,2454
121.000000,2453
120.000000,2454
119.000000,2452
118.000000,2449
117.000000,2453
116.000000,2452
115.000000,2450
114.000000,2448
113.000000,2446
112.000000,2446
111.000000,2440
110.000000,2440
109.000000,2437
108.000000,2436
107.000000,2437
106.000000,2435
105.000000,2432
104.000000,2431
103.000000,2428
102.000000,2426
101.000000,2428
100.000000,2421
99.000000,2410
98.000000,2419
97.000000,2420
96.000000,2416
95.000000,2415
94.000000,2412
93.000000,2401
92.000000,2411
91.000000,2401
90.000000,2406
89.000000,2404
88.000000,2398
87.000000,2397
86.000000,2398
85.000000,2395
84.000000,2393
83.000000,2392
82.000000,2388
81.000000,2391
80.000000,2378
79.000000,2375
78.000000,2381
77.000000,2382
76.000000,2380
75.000000,2381
74.000000,2378
73.000000,2374
72.000000,2371
71.000000,2371
70.000000,2368
69.000000,2367
68.000000,2366
67.000000,2363
66.000000,2362
65.000000,2356
64.000000,2355
63.000000,2355
62.000000,2354
61.000000,2355
60.000000,2351
59.000000,2350
58.000000,2350
57.000000,2349
56.000000,2348
55.000000,2346
54.000000,2344
53.000000,2343
52.000000,2339
51.000000,2338
50.000000,2336
49.000000,2337
48.000000,2336
47.000000,2334
46.000000,2334
45.000000,2332
44.000000,2330
43.000000,2329
42.000000,2326
41.000000,2320
40.000000,2321
39.000000,2318
38.000000,2318
37.000000,2314
36.000000,2315
35.000000,2314
34.000000,2307
33.000000,2308
32.000000,2309
31.000000,2304
30.000000,2305
29.000000,2299
28.000000,2296
27.000000,2299
26.000000,2298
25.000000,2291
24.000000,2289
23.000000,2289
22.000000,2284
21.000000,2283
20.000000,2283
19.000000,2283
18.000000,2281
17.000000,2281
16.000000,2278
15.000000,2281
14.000000,2279
13.000000,2273
12.000000,2270
11.000000,2265
10.000000,2267
9.000000,2266
8.000000,2264
7.000000,2275
6.000000,2260
5.000000,2267
4.000000,2257
3.000000,2260
2.000000,2238
1.000000,2262
0.000000,2247
-1.000000,2249
-2.000000,2248
-3.000000,2255
-4.000000,2245
-5.000000,2255
-6.000000,2256
-7.000000,2259
-8.000000,2240
-9.000000,2247
-10.000000,2250
-11.000000,2243
-12.000000,2240
-13.000000,2236
-14.000000,2230
-15.000000,2240
-16.000000,2238
-17.000000,2232
-18.000000,2229
-19.000000,2232
-20.000000,2235
-21.000000,2236
-22.000000,2217
-23.000000,2218
-24.000000,2209
-25.000000,2212
-26.000000,2212
-27.000000,2213
-28.000000,2208
-29.000000,2205
-30.000000,2203
-31.000000,2201
-32.000000,2201
-33.000000,2199
-34.000000,2197
-35.000000,2195
-36.000000,2196
-37.000000,2189
-38.000000,2188
-39.000000,2189
-40.000000,2183
-41.000000,2201
-42.000000,2201
-43.000000,2194
-44.000000,2185
-45.000000,2173
-46.000000,2172
-47.000000,2172
-48.000000,2169
-49.000000,2164
-50.000000,2163
-51.000000,2158
-52.000000,2156
-53.000000,2155
-54.000000,2153
-55.000000,2149
-56.000000,2146
-57.000000,2146
-58.000000,2148
-59.000000,2142
-60.000000,2138
-61.000000,2142
-62.000000,2140
-63.000000,2140
-64.000000,2136
-65.000000,2137
-66.000000,2137
-67.000000,2135
-68.000000,2133
-69.000000,2133
-70.000000,2131
-71.000000,2131
-72.000000,2126
-73.000000,2122
-74.000000,2122
-75.000000,2120
-76.000000,2117
-77.000000,2115
-78.000000,2113
-79.000000,2114
-80.000000,2111
-81.000000,2110
-82.000000,2107
-83.000000,2101
-84.000000,2105
-85.000000,2102
-86.000000,2098
-87.000000,2096
-88.000000,2095
-89.000000,2094
-90.000000,2086
-91.000000,2089
-92.000000,2085
-93.000000,2079
-94.000000,2080
-95.000000,2079
-96.000000,2075
-97.000000,2074
-98.000000,2071
-99.000000,2066
-100.000000,2064
-101.000000,2061
-102.000000,2061
-103.000000,2059
-104.000000,2059
-105.000000,2056
-106.000000,2054
-107.000000,2050
-108.000000,2065
-109.000000,2064
-110.000000,2062
-111.000000,2056
-112.000000,2053
-113.000000,2048
-114.000000,2049
-115.000000,2044
-116.000000,2055
-117.000000,2039
-118.000000,2030
-119.000000,2033
-120.000000,2025
-121.000000,2027
-122.000000,2026
-123.000000,2019
-124.000000,2015
-125.000000,2021
-126.000000,2021
-127.000000,2020
-128.000000,2018
-129.000000,2016
-130.000000,2014
-131.000000,2012
-132.000000,2009
-133.000000,2006
-134.000000,2006
-135.000000,1992
-136.000000,2001
-137.000000,1996
-138.000000,1996
-139.000000,1997
-140.000000,1995
-141.000000,1991
-142.000000,1992
-143.000000,1989
-144.000000,1989
-145.000000,1984
-146.000000,1985
-147.000000,1981
-148.000000,1974
-149.000000,1975
-150.000000,1960
-151.000000,1971
-152.000000,1970
-153.000000,1967
-154.000000,1965
-155.000000,1964
-156.000000,1963
-157.000000,1962
-158.000000,1959
-159.000000,1956
-160.000000,1959
-161.000000,1959
-162.000000,1958
-163.000000,1956
-164.000000,1946
-165.000000,1942
-166.000000,1946
-167.000000,1944
-168.000000,1942
-169.000000,1941
-170.000000,1939
-171.000000,1938
-172.000000,1939
-173.000000,1939
-174.000000,1937
-175.000000,1936
-176.000000,1932
-177.000000,1930
-178.000000,1929
-179.000000,1927
-180.000000,1927
-181.000000,1926
-182.000000,1926
-183.000000,1920
-184.000000,1921
-185.000000,1920
-186.000000,1916
-187.000000,1914
-188.000000,1913
-189.000000,1912
-190.000000,1911
-191.000000,1910
-192.000000,1908
-193.000000,1903
-194.000000,1900
-195.000000,1897
-196.000000,1896
-197.000000,1895
-198.000000,1895
-199.000000,1899
-200.000000,1901
-201.000000,1901
-202.000000,1898
-203.000000,1894
-204.000000,1892
-205.000000,1890
-206.000000,1891
-207.000000,1890
-208.000000,1887
-209.000000,1882
-210.000000,1874
-211.000000,1878
-212.000000,1882
-213.000000,1880
-214.000000,1881
-215.000000,1877
-216.000000,1874
-217.000000,1871
-218.000000,1869
-219.000000,1867
-220.000000,1867
-221.000000,1863
-222.000000,1855
-223.000000,1853
-224.000000,1851
-225.000000,1852
-226.000000,1851
-227.000000,1848
-228.000000,1848
-229.000000,1843
-230.000000,1841
-231.000000,1831
-232.000000,1838
-233.000000,1836
-234.000000,1834
-235.000000,1833
-236.000000,1833
-237.000000,1829
-238.000000,1831
-239.000000,1827
-240.000000,1820
-241.000000,1821
-242.000000,1818
-243.000000,1822
-244.000000,1821
-245.000000,1820
-246.000000,1818
-247.000000,1815
-248.000000,1813
-249.000000,1811
-250.000000,1808
-251.000000,1795
-252.000000,1807
-253.000000,1804
-254.000000,1801
-255.000000,1796
-256.000000,1810
-257.000000,1804
-258.000000,1803
-259.000000,1804
-260.000000,1799
-261.000000,1799
-262.000000,1799
-263.000000,1798
-264.000000,1791
-265.000000,1790
-266.000000,1789
-267.000000,1787
-268.000000,1784
-269.000000,1779
-270.000000,1773
-271.000000,1772
-272.000000,1776
-273.000000,1774
-274.000000,1776
-275.000000,1775
-276.000000,1772
-277.000000,1765
-278.000000,1761
-279.000000,1760
-280.000000,1760
-281.000000,1760
-282.000000,1759
-283.000000,1752
-284.000000,1752
-285.000000,1744
-286.000000,1743
-287.000000,1740
-288.000000,1739
-289.000000,1741
-290.000000,1737
-291.000000,1733
-292.000000,1734
-293.000000,1729
-294.000000,1731
-295.000000,1726
-296.000000,1723
-297.000000,1722
-298.000000,1720
-299.000000,1718
-300.000000,1715
-301.000000,1716
-302.000000,1715
-303.000000,1715
-304.000000,1709
-305.000000,1708
-306.000000,1703
-307.000000,1703
-308.000000,1701
-309.000000,1700
-310.000000,1701
-311.000000,1699
-312.000000,1699
-313.000000,1695
-314.000000,1695
-315.000000,1686
-316.000000,1687
-317.000000,1687
-318.000000,1687
-319.000000,1687
-320.000000,1685
-321.000000,1683
-322.000000,1683
-323.000000,1680
-324.000000,1675
-325.000000,1673
-326.000000,1675
-327.000000,1669
-328.000000,1669
-329.000000,1668
-330.000000,1668
-331.000000,1663
-332.000000,1646
-333.000000,1659
-334.000000,1658
-335.000000,1656
-336.000000,1653
-337.000000,1650
-338.000000,1645
-339.000000,1650
-340.000000,1648
-341.000000,1644
-342.000000,1641
-343.000000,1629
-344.000000,1637
-345.000000,1640
-346.000000,1636
-347.000000,1633
-348.000000,1631
-349.000000,1631
-350.000000,1631
-351.000000,1628
-352.000000,1626
-353.000000,1624
-354.000000,1623
-355.000000,1622
-356.000000,1619
-357.000000,1617
-358.000000,1617
-359.000000,1614
-360.000000,1614
-361.000000,1611
-362.000000,1611
-363.000000,1610
-364.000000,1606
-365.000000,1605
-366.000000,1605
-367.000000,1604
-368.000000,1604
-369.000000,1604
-370.000000,1602
-371.000000,1602
-372.000000,1601
-373.000000,1598
-374.000000,1594
-375.000000,1594
-376.000000,1591
-377.000000,1587
-378.000000,1585
-379.000000,1585
-380.000000,1583
-381.000000,1586
-382.000000,1585
-383.000000,1583
-384.000000,1584
-385.000000,1581
-386.000000,1583
-387.000000,1578
-388.000000,1575
-389.000000,1573
-390.000000,1574
-391.000000,1566
-392.000000,1566
-393.000000,1566
-394.000000,1564
-395.000000,1564
-396.000000,1561
-397.000000,1545
-398.000000,1559
-399.000000,1556
-400.000000,1552
-401.000000,1550
-402.000000,1541
-403.000000,1547
-404.000000,1544
-405.000000,1541
-406.000000,1541
-407.000000,1540
-408.000000,1536
-409.000000,1535
-410.000000,1533
-411.000000,1530
-412.000000,1533
-413.000000,1533
-414.000000,1531
-415.000000,1525
-416.000000,1517
-417.000000,1523
-418.000000,1521
-419.000000,1512
-420.000000,1516
-421.000000,1515
-422.000000,1512
-423.000000,1500
-424.000000,1511
-425.000000,1509
-426.000000,1510
-427.000000,1507
-428.000000,1506
-429.000000,1503
-430.000000,1502
-431.000000,1500
-432.000000,1495
-433.000000,1494
-434.000000,1492
-435.000000,1492
-436.000000,1493
-437.000000,1489
-438.000000,1482
-439.000000,1486
-440.000000,1483
-441.000000,1485
-442.000000,1484
-443.000000,1480
-444.000000,1478
-445.000000,1479
-446.000000,1478
-447.000000,1475
-448.000000,1469
-449.000000,1468
-450.000000,1469
-451.000000,1465
-452.000000,1464
-453.000000,1463
-454.000000,1460
-455.000000,1458
-456.000000,1457
-457.000000,1452
-458.000000,1450
-459.000000,1447
-460.000000,1445
-461.000000,1444
-462.000000,1440
-463.000000,1439
-464.000000,1437
-465.000000,1435
-466.000000,1430
-467.000000,1427
-468.000000,1429
-469.000000,1426
-470.000000,1426
-471.000000,1424
-472.000000,1422
-473.000000,1421
-474.000000,1417
-475.000000,1416
-476.000000,1412
-477.000000,1411
-478.000000,1406
-479.000000,1404
-480.000000,1406
-481.000000,1405
-482.000000,1404
-483.000000,1401
-484.000000,1396
-485.000000,1395
-486.000000,1385
-487.000000,1395
-488.000000,1396
-489.000000,1394
-490.000000,1393
-491.000000,1382
-492.000000,1387
-493.000000,1377
-494.000000,1384
-495.000000,1383
-496.000000,1380
-497.000000,1377
-498.000000,1375
-499.000000,1364
-500.000000,1372
-501.000000,1372
-502.000000,1371
-503.000000,1369
-504.000000,1370
-505.000000,1359
-506.000000,1363
-507.000000,1362
-508.000000,1362
-509.000000,1356
-510.000000,1352
-511.000000,1354
-512.000000,1350
-513.000000,1347
-514.000000,1347
-515.000000,1345
-516.000000,1343
-517.000000,1339
-518.000000,1338
-519.000000,1333
-520.000000,1335
-521.000000,1329
-522.000000,1331
-523.000000,1332
-524.000000,1327
-525.000000,1325
-526.000000,1322
-527.000000,1322
-528.000000,1323
-529.000000,1321
-530.000000,1320
-531.000000,1318
-532.000000,1316
-533.000000,1312
-534.000000,1309
-535.000000,1306
-536.000000,1302
-537.000000,1300
-538.000000,1300
-539.000000,1297
-540.000000,1306
-541.000000,1296
-542.000000,1298
-543.000000,1295
-544.000000,1296
-545.000000,1293
-546.000000,1292
-547.000000,1290
-548.000000,1289
-549.000000,1287
-550.000000,1285
-551.000000,1284
-552.000000,1281
-553.000000,1279
-554.000000,1276
-555.000000,1274
-556.000000,1270
-557.000000,1271
-558.000000,1271
-559.000000,1269
-560.000000,1268
-561.000000,1266
-562.000000,1266
-563.000000,1266
-564.000000,1260
-565.000000,1258
-566.000000,1254
-567.000000,1254
-568.000000,1244
-569.000000,1251
-570.000000,1236
-571.000000,1249
-572.000000,1248
-573.000000,1246
-574.000000,1235
-575.000000,1243
-576.000000,1242
-577.000000,1237
-578.000000,1232
-579.000000,1228
-580.000000,1229
-581.000000,1229
-582.000000,1226
-583.000000,1226
-584.000000,1224
-585.000000,1224
-586.000000,1221
-587.000000,1216
-588.000000,1219
-589.000000,1214
-590.000000,1204
-591.000000,1213
-592.000000,1211
-593.000000,1208
-594.000000,1207
-595.000000,1205
-596.000000,1203
-597.000000,1202
-598.000000,1200
-599.000000,1180
-600.000000,1192
-601.000000,1194
-602.000000,1195
-603.000000,1193
-604.000000,1191
-605.000000,1180
-606.000000,1190
-607.000000,1189
-608.000000,1186
-609.000000,1182
-610.000000,1169
-611.000000,1175
-612.000000,1179
-613.000000,1175
-614.000000,1175
-615.000000,1172
-616.000000,1172
-617.000000,1167
-618.000000,1165
-619.000000,1155
-620.000000,1159
-621.000000,1158
-622.000000,1157
-623.000000,1157
-624.000000,1147
-625.000000,1155
-626.000000,1154
-627.000000,1155
-628.000000,1153
-629.000000,1143
-630.000000,1141
-631.000000,1143
-632.000000,1131
-633.000000,1138
-634.000000,1136
-635.000000,1135
-636.000000,1131
-637.000000,1129
-638.000000,1130
-639.000000,1128
-640.000000,1124
-641.000000,1123
-642.000000,1121
-643.000000,1110
-644.000000,1118
-645.000000,1118
-646.000000,1116
-647.000000,1112
-648.000000,1106
-649.000000,1105
-650.000000,1087
-651.000000,1097
-652.000000,1088
-653.000000,1096
-654.000000,1097
-655.000000,1096
-656.000000,1094
-657.000000,1083
-658.000000,1088
-659.000000,1083
-660.000000,1084
-661.000000,1082
-662.000000,1079
-663.000000,1078
-664.000000,1072
-665.000000,1077
-666.000000,1078
-667.000000,1077
-668.000000,1077
-669.000000,1074
-670.000000,1071
-671.000000,1058
-672.000000,1064
-673.000000,1060
-674.000000,1050
-675.000000,1053
-676.000000,1046
-677.000000,1048
-678.000000,1047
-679.000000,1048
-680.000000,1045
-681.000000,1043
-682.000000,1040
-683.000000,1039
-684.000000,1041
-685.000000,1037
-686.000000,1031
-687.000000,1030
-688.000000,1029
-689.000000,1023
-690.000000,1022
-691.000000,1022
-692.000000,1021
-693.000000,1021
-694.000000,1012
-695.000000,1016
-696.000000,1016
-697.000000,1014
-698.000000,1010
-699.000000,1006
-700.000000,1005
-701.000000,1005
-702.000000,1004
-703.000000,997
-704.000000,997
-705.000000,994
-706.000000,993
-707.000000,988
-708.000000,986
-709.000000,984
-710.000000,984
-711.000000,985
-712.000000,980
-713.000000,978
-714.000000,975
-715.000000,973
-716.000000,975
-717.000000,971
-718.000000,969
-719.000000,967
-720.000000,967
-721.000000,962
-720.000000,963
-719.000000,963
-718.000000,961
-717.000000,961
-716.000000,961
-715.000000,962
-714.000000,962
-713.000000,962
-712.000000,962
-711.000000,962
-710.000000,960
-709.000000,963
-708.000000,962
-707.000000,963
-706.000000,962
-705.000000,961
-704.000000,962
-703.000000,960
-702.000000,962
-701.000000,960
-700.000000,962
-699.000000,961
-698.000000,962
-697.000000,961
-696.000000,962
-695.000000,962
-694.000000,959
-693.000000,957
-692.000000,958
-691.000000,962
-690.000000,956
-689.000000,962
-688.000000,959
-687.000000,958
-686.000000,963
-685.000000,965
-684.000000,966
-683.000000,967
-682.000000,971
-681.000000,972
-680.000000,974
-679.000000,974
-678.000000,979
-677.000000,981
-676.000000,985
-675.000000,983
-674.000000,985
-673.000000,984
-672.000000,988
-671.000000,993
-670.000000,990
-669.000000,987
-668.000000,996
-667.000000,1000
-666.000000,1005
-665.000000,1005
-664.000000,1006
-663.000000,1007
-662.000000,1004
-661.000000,1012
-660.000000,1015
-659.000000,1001
-658.000000,1019
-657.000000,1015
-656.000000,1019
-655.000000,1013
-654.000000,1021
-653.000000,1019
-652.000000,1022
-651.000000,1022
-650.000000,1011
-649.000000,1024
-648.000000,1015
-647.000000,1031
-646.000000,1036
-645.000000,1034
-644.000000,1041
-643.000000,1041
-642.000000,1041
-641.000000,1038
-640.000000,1047
-639.000000,1046
-638.000000,1054
-637.000000,1054
-636.000000,1056
-635.000000,1057
-634.000000,1070
-633.000000,1067
-632.000000,1068
-631.000000,1073
-630.000000,1072
-629.000000,1075
-628.000000,1074
-627.000000,1079
-626.000000,1081
-625.000000,1082
-624.000000,1082
-623.000000,1086
-622.000000,1081
-621.000000,1088
-620.000000,1091
-619.000000,1098
-618.000000,1097
-617.000000,1096
-616.000000,1105
-615.000000,1105
-614.000000,1106
-613.000000,1106
-612.000000,1107
-611.000000,1112
-610.000000,1116
-609.000000,1113
-608.000000,1103
-607.000000,1117
-606.000000,1120
-605.000000,1122
-604.000000,1121
-603.000000,1113
-602.000000,1128
-601.000000,1128
-600.000000,1131
-599.000000,1132
-598.000000,1131
-597.000000,1121
-596.000000,1125
-595.000000,1135
-594.000000,1137
-593.000000,1139
-592.000000,1141
-591.000000,1142
-590.000000,1145
-589.000000,1148
-588.000000,1138
-587.000000,1153
-586.000000,1152
-585.000000,1157
-584.000000,1145
-583.000000,1155
-582.000000,1157
-581.000000,1156
-580.000000,1158
-579.000000,1163
-578.000000,1153
-577.000000,1169
-576.000000,1174
-575.000000,1176
-574.000000,1177
-573.000000,1179
-572.000000,1166
-571.000000,1179
-570.000000,1182
-569.000000,1185
-568.000000,1188
-567.000000,1193
-566.000000,1187
-565.000000,1194
-564.000000,1194
-563.000000,1196
-562.000000,1201
-561.000000,1204
-560.000000,1203
-559.000000,1203
-558.000000,1206
-557.000000,1209
-556.000000,1213
-555.000000,1211
-554.000000,1217
-553.000000,1215
-552.000000,1218
-551.000000,1220
-550.000000,1222
-549.000000,1223
-548.000000,1222
-547.000000,1226
-546.000000,1226
-545.000000,1227
-544.000000,1229
-543.000000,1229
-542.000000,1231
-541.000000,1232
-540.000000,1245
-539.000000,1237
-538.000000,1239
-537.000000,1241
-536.000000,1245
-535.000000,1247
-534.000000,1248
-533.000000,1249
-532.000000,1248
-531.000000,1248
-530.000000,1249
-529.000000,1251
-528.000000,1251
-527.000000,1253
-526.000000,1251
-525.000000,1254
-524.000000,1259
-523.000000,1265
-522.000000,1262
-521.000000,1267
-520.000000,1267
-519.000000,1268
-518.000000,1270
-517.000000,1270
-516.000000,1270
-515.000000,1275
-514.000000,1277
-513.000000,1279
-512.000000,1281
-511.000000,1284
-510.000000,1281
-509.000000,1286
-508.000000,1291
-507.000000,1292
-506.000000,1296
-505.000000,1294
-504.000000,1295
-503.000000,1295
-502.000000,1298
-501.000000,1299
-500.000000,1301
-499.000000,1306
-498.000000,1310
-497.000000,1312
-496.000000,1313
-495.000000,1316
-494.000000,1319
-493.000000,1320
-492.000000,1322
-491.000000,1324
-490.000000,1322
-489.000000,1321
-488.000000,1326
-487.000000,1329
-486.000000,1334
-485.000000,1332
-484.000000,1330
-483.000000,1331
-482.000000,1332
-481.000000,1338
-480.000000,1340
-479.000000,1339
-478.000000,1344
-477.000000,1340
-476.000000,1349
-475.000000,1347
-474.000000,1347
-473.000000,1351
-472.000000,1356
-471.000000,1355
-470.000000,1356
-469.000000,1359
-468.000000,1363
-467.000000,1363
-466.000000,1365
-465.000000,1369
-464.000000,1370
-463.000000,1369
-462.000000,1372
-461.000000,1372
-460.000000,1373
-459.000000,1375
-458.000000,1378
-457.000000,1382
-456.000000,1383
-455.000000,1384
-454.000000,1387
-453.000000,1388
-452.000000,1391
-451.000000,1392
-450.000000,1394
-449.000000,1396
-448.000000,1396
-447.000000,1399
-446.000000,1403
-445.000000,1404
-444.000000,1406
-443.000000,1410
-442.000000,1412
-441.000000,1415
-440.000000,1418
-439.000000,1418
-438.000000,1421
-437.000000,1423
-436.000000,1425
-435.000000,1425
-434.000000,1425
-433.000000,1429
-432.000000,1429
-431.000000,1432
-430.000000,1435
-429.000000,1437
-428.000000,1441
-427.000000,1443
-426.000000,1444
-425.000000,1445
-424.000000,1447
-423.000000,1451
-422.000000,1448
-421.000000,1447
-420.000000,1457
-419.000000,1457
-418.000000,1459
-417.000000,1461
-416.000000,1458
-415.000000,1463
-414.000000,1459
-413.000000,1464
-412.000000,1465
-411.000000,1469
-410.000000,1467
-409.000000,1465
-408.000000,1470
-407.000000,1464
-406.000000,1476
-405.000000,1475
-404.000000,1475
-403.000000,1478
-402.000000,1483
-401.000000,1484
-400.000000,1477
-399.000000,1483
-398.000000,1487
-397.000000,1489
-396.000000,1493
-395.000000,1480
-394.000000,1489
-393.000000,1494
-392.000000,1499
-391.000000,1500
-390.000000,1504
-389.000000,1499
-388.000000,1505
-387.000000,1509
-386.000000,1511
-385.000000,1515
-384.000000,1515
-383.000000,1519
-382.000000,1520
-381.000000,1520
-380.000000,1524
-379.000000,1529
-378.000000,1530
-377.000000,1532
-376.000000,1531
-375.000000,1534
-374.000000,1533
-373.000000,1533
-372.000000,1537
-371.000000,1537
-370.000000,1541
-369.000000,1546
-368.000000,1546
-367.000000,1547
-366.000000,1551
-365.000000,1553
-364.000000,1553
-363.000000,1554
-362.000000,1559
-361.000000,1560
-360.000000,1561
-359.000000,1563
-358.000000,1564
-357.000000,1565
-356.000000,1565
-355.000000,1566
-354.000000,1566
-353.000000,1568
-352.000000,1568
-351.000000,1573
-350.000000,1574
-349.000000,1574
-348.000000,1574
-347.000000,1580
-346.000000,1581
-345.000000,1583
-344.000000,1582
-343.000000,1584
-342.000000,1580
-341.000000,1573
-340.000000,1584
-339.000000,1585
-338.000000,1586
-337.000000,1592
-336.000000,1586
-335.000000,1593
-334.000000,1598
-333.000000,1600
-332.000000,1603
-331.000000,1604
-330.000000,1603
-329.000000,1605
-328.000000,1605
-327.000000,1607
-326.000000,1610
-325.000000,1609
-324.000000,1614
-323.000000,1615
-322.000000,1617
-321.000000,1619
-320.000000,1622
-319.000000,1623
-318.000000,1622
-317.000000,1628
-316.000000,1631
-315.000000,1629
-314.000000,1630
-313.000000,1629
-312.000000,1637
-311.000000,1638
-310.000000,1639
-309.000000,1640
-308.000000,1643
-307.000000,1643
-306.000000,1648
-305.000000,1646
-304.000000,1649
-303.000000,1651
-302.000000,1652
-301.000000,1658
-300.000000,1654
-299.000000,1656
-298.000000,1657
-297.000000,1662
-296.000000,1661
-295.000000,1662
-294.000000,1661
-293.000000,1664
-292.000000,1667
-291.000000,1668
-290.000000,1669
-289.000000,1669
-288.000000,1674
-287.000000,1674
-286.000000,1677
-285.000000,1679
-284.000000,1686
-283.000000,1691
-282.000000,1692
-281.000000,1693
-280.000000,1693
-279.000000,1695
-278.000000,1696
-277.000000,1698
-276.000000,1701
-275.000000,1706
-274.000000,1705
-273.000000,1704
-272.000000,1709
-271.000000,1706
-270.000000,1705
-269.000000,1711
-268.000000,1721
-267.000000,1720
-266.000000,1719
-265.000000,1724
-264.000000,1724
-263.000000,1726
-262.000000,1728
-261.000000,1734
-260.000000,1736
-259.000000,1737
-258.000000,1738
-257.000000,1740
-256.000000,1756
-255.000000,1742
-254.000000,1741
-253.000000,1742
-252.000000,1745
-251.000000,1732
-250.000000,1743
-249.000000,1745
-248.000000,1755
-247.000000,1754
-246.000000,1754
-245.000000,1756
-244.000000,1756
-243.000000,1763
-242.000000,1765
-241.000000,1767
-240.000000,1768
-239.000000,1770
-238.000000,1770
-237.000000,1774
-236.000000,1772
-235.000000,1773
-234.000000,1772
-233.000000,1772
-232.000000,1777
-231.000000,1768
-230.000000,1778
-229.000000,1783
-228.000000,1784
-227.000000,1785
-226.000000,1790
-225.000000,1792
-224.000000,1789
-223.000000,1791
-222.000000,1790
-221.000000,1798
-220.000000,1802
-219.000000,1799
-218.000000,1805
-217.000000,1809
-216.000000,1812
-215.000000,1812
-214.000000,1814
-213.000000,1815
-212.000000,1816
-211.000000,1814
-210.000000,1818
-209.000000,1819
-208.000000,1826
-207.000000,1826
-206.000000,1831
-205.000000,1834
-204.000000,1836
-203.000000,1837
-202.000000,1837
-201.000000,1840
-200.000000,1840
-199.000000,1842
-198.000000,1835
-197.000000,1837
-196.000000,1838
-195.000000,1845
-194.000000,1847
-193.000000,1851
-192.000000,1843
-191.000000,1853
-190.000000,1855
-189.000000,1858
-188.000000,1858
-187.000000,1862
-186.000000,1861
-185.000000,1864
-184.000000,1865
-183.000000,1863
-182.000000,1871
-181.000000,1873
-180.000000,1874
-179.000000,1873
-178.000000,1874
-177.000000,1874
-176.000000,1874
-175.000000,1873
-174.000000,1875
-173.000000,1876
-172.000000,1878
-171.000000,1882
-170.000000,1883
-169.000000,1883
-168.000000,1884
-167.000000,1885
-166.000000,1886
-165.000000,1884
-164.000000,1894
-163.000000,1886
-162.000000,1893
-161.000000,1898
-160.000000,1898
-159.000000,1901
-158.000000,1904
-157.000000,1898
-156.000000,1902
-155.000000,1909
-154.000000,1910
-153.000000,1912
-152.000000,1912
-151.000000,1915
-150.000000,1922
-149.000000,1919
-148.000000,1924
-147.000000,1925
-146.000000,1927
-145.000000,1928
-144.000000,1926
-143.000000,1931
-142.000000,1936
-141.000000,1937
-140.000000,1939
-139.000000,1939
-138.000000,1942
-137.000000,1941
-136.000000,1940
-135.000000,1944
-134.000000,1944
-133.000000,1942
-132.000000,1947
-131.000000,1948
-130.000000,1953
-129.000000,1956
-128.000000,1959
-127.000000,1958
-126.000000,1960
-125.000000,1962
-124.000000,1965
-123.000000,1964
-122.000000,1955
-121.000000,1959
-120.000000,1964
-119.000000,1970
-118.000000,1970
-117.000000,1974
-116.000000,1993
-115.000000,1981
-114.000000,1988
-113.000000,1987
-112.000000,1987
-111.000000,1988
-110.000000,1996
-109.000000,2000
-108.000000,2001
-107.000000,1988
-106.000000,1989
-105.000000,1991
-104.000000,1993
-103.000000,1996
-102.000000,1996
-101.000000,1996
-100.000000,2001
-99.000000,2000
-98.000000,2006
-97.000000,2005
-96.000000,2008
-95.000000,2011
-94.000000,2015
-93.000000,2015
-92.000000,2016
-91.000000,2019
-90.000000,2016
-89.000000,2026
-88.000000,2024
-87.000000,2029
-86.000000,2031
-85.000000,2032
-84.000000,2036
-83.000000,2039
-82.000000,2040
-81.000000,2041
-80.000000,2044
-79.000000,2048
-78.000000,2051
-77.000000,2051
-76.000000,2051
-75.000000,2051
-74.000000,2055
-73.000000,2058
-72.000000,2059
-71.000000,2060
-70.000000,2061
-69.000000,2063
-68.000000,2066
-67.000000,2070
-66.000000,2074
-65.000000,2078
-64.000000,2078
-63.000000,2076
-62.000000,2078
-61.000000,2081
-60.000000,2085
-59.000000,2085
-58.000000,2091
-57.000000,2092
-56.000000,2094
-55.000000,2092
-54.000000,2095
-53.000000,2093
-52.000000,2095
-51.000000,2100
-50.000000,2101
-49.000000,2103
-48.000000,2105
-47.000000,2107
-46.000000,2108
-45.000000,2112
-44.000000,2113
-43.000000,2118
-42.000000,2127
-41.000000,2132
-40.000000,2136
-39.000000,2137
-38.000000,2124
-37.000000,2126
-36.000000,2130
-35.000000,2133
-34.000000,2132
-33.000000,2135
-32.000000,2138
-31.000000,2140
-30.000000,2138
-29.000000,2141
-28.000000,2142
-27.000000,2146
-26.000000,2149
-25.000000,2151
-24.000000,2155
-23.000000,2157
-22.000000,2149
-21.000000,2160
-20.000000,2166
-19.000000,2181
-18.000000,2185
-17.000000,2182
-16.000000,2188
-15.000000,2185
-14.000000,2169
-13.000000,2174
-12.000000,2194
-11.000000,2190
-10.000000,2199
-9.000000,2190
-8.000000,2174
-7.000000,2184
-6.000000,2207
-5.000000,2209
-4.000000,2195
-3.000000,2202
-2.000000,2201
-1.000000,2188
0.000000,2198
1.000000,2205
2.000000,2191
3.000000,2212
4.000000,2205
5.000000,2214
6.000000,2210
7.000000,2212
8.000000,2211
9.000000,2202
10.000000,2213
11.000000,2212
12.000000,2216
13.000000,2224
14.000000,2227
15.000000,2236
16.000000,2225
17.000000,2229
18.000000,2229
19.000000,2231
20.000000,2232
21.000000,2231
22.000000,2234
23.000000,2237
24.000000,2235
25.000000,2239
26.000000,2241
27.000000,2241
28.000000,2240
29.000000,2243
30.000000,2244
31.000000,2247
32.000000,2245
33.000000,2254
34.000000,2258
35.000000,2259
36.000000,2258
37.000000,2261
38.000000,2263
39.000000,2267
40.000000,2264
41.000000,2267
42.000000,2268
43.000000,2268
44.000000,2272
45.000000,2276
46.000000,2275
47.000000,2276
48.000000,2280
49.000000,2283
50.000000,2281
51.000000,2281
52.000000,2281
53.000000,2283
54.000000,2290
55.000000,2290
56.000000,2295
57.000000,2300
58.000000,2297
59.000000,2299
60.000000,2300
61.000000,2303
62.000000,2302
63.000000,2305
64.000000,2304
65.000000,2307
66.000000,2307
67.000000,2307
68.000000,2308
69.000000,2313
70.000000,2314
71.000000,2316
72.000000,2317
73.000000,2319
74.000000,2319
75.000000,2320
76.000000,2326
77.000000,2327
78.000000,2330
79.000000,2335
80.000000,2331
81.000000,2320
82.000000,2334
83.000000,2336
84.000000,2333
85.000000,2337
86.000000,2336
87.000000,2331
88.000000,2343
89.000000,2339
90.000000,2349
91.000000,2352
92.000000,2353
93.000000,2345
94.000000,2356
95.000000,2346
96.000000,2358
97.000000,2361
98.000000,2363
99.000000,2367
100.000000,2367
101.000000,2360
102.000000,2369
103.000000,2372
104.000000,2378
105.000000,2377
106.000000,2379
107.000000,2382
108.000000,2384
109.000000,2387
110.000000,2388
111.000000,2390
112.000000,2393
113.000000,2390
114.000000,2395
115.000000,2395
116.000000,2394
117.000000,2398
118.000000,2400
119.000000,2403
120.000000,2407
121.000000,2404
122.000000,2406
123.000000,2409
124.000000,2410
125.000000,2411
126.000000,2411
127.000000,2413
128.000000,2413
129.000000,2415
130.000000,2417
131.000000,2419
132.000000,2424
133.000000,2426
134.000000,2427
135.000000,2427
136.000000,2427
137.000000,2429
138.000000,2420
139.000000,2432
140.000000,2432
141.000000,2434
142.000000,2436
143.000000,2438
144.000000,2441
145.000000,2443
146.000000,2447
147.000000,2450
148.000000,2449
149.000000,2453
150.000000,2455
151.000000,2453
152.000000,2458
153.000000,2462
154.000000,2464
155.000000,2464
156.000000,2453
157.000000,2470
158.000000,2471
159.000000,2474
160.000000,2476
161.000000,2477
162.000000,2477
163.000000,2480
164.000000,2482
165.000000,2484
166.000000,2486
167.000000,2490
168.000000,2489
169.000000,2493
170.000000,2495
171.000000,2496
172.000000,2500
173.000000,2499
174.000000,2502
175.000000,2502
176.000000,2502
177.000000,2503
178.000000,2505
179.000000,2509
180.000000,2509
181.000000,2510
182.000000,2510
183.000000,2513
184.000000,2513
185.000000,2514
186.000000,2514
187.000000,2515
188.000000,2516
189.000000,2519
190.000000,2522
191.000000,2523
192.000000,2526
193.000000,2528
194.000000,2528
195.000000,2529
196.000000,2529
197.000000,2531
198.000000,2536
199.000000,2537
200.000000,2537
201.000000,2538
202.000000,2540
203.000000,2544
204.000000,2545
205.000000,2546
206.000000,2550
207.000000,2552
208.000000,2554
209.000000,2553
210.000000,2555
211.000000,2557
212.000000,2558
213.000000,2557
214.000000,2562
215.000000,2562
216.000000,2568
217.000000,2568
218.000000,2570
219.000000,2570
220.000000,2570
221.000000,2561
222.000000,2576
223.000000,2580
224.000000,2582
225.000000,2577
226.000000,2585
227.000000,2584
228.000000,2589
229.000000,2590
230.000000,2583
231.000000,2594
232.000000,2594
233.000000,2595
234.000000,2596
235.000000,2592
236.000000,2597
237.000000,2602
238.000000,2605
239.000000,2607
240.000000,2606
241.000000,2609
242.000000,2603
243.000000,2612
244.000000,2616
245.000000,2616
246.000000,2616
247.000000,2616
248.000000,2617
249.000000,2618
250.000000,2622
251.000000,2622
252.000000,2623
253.000000,2628
254.000000,2630
255.000000,2630
256.000000,2632
257.000000,2633
258.000000,2634
259.000000,2636
260.000000,2637
261.000000,2638
262.000000,2640
263.000000,2641
264.000000,2644
265.000000,2648
266.000000,2648
267.000000,2651
268.000000,2653
269.000000,2654
270.000000,2655
271.000000,2658
272.000000,2661
273.000000,2663
274.000000,2665
275.000000,2667
276.000000,2669
277.000000,2671
278.000000,2673
279.000000,2674
280.000000,2677
281.000000,2678
282.000000,2680
283.000000,2681
284.000000,2681
285.000000,2684
286.000000,2685
287.000000,2688
288.000000,2689
289.000000,2692
290.000000,2693
291.000000,2693
292.000000,2698
293.000000,2704
294.000000,2704
295.000000,2706
296.000000,2708
297.000000,2712
298.000000,2710
299.000000,2695
300.000000,2714
301.000000,2714
302.000000,2714
303.000000,2716
304.000000,2718
305.000000,2721
306.000000,2714
307.000000,2723
308.000000,2724
309.000000,2729
310.000000,2732
311.000000,2720
312.000000,2734
313.000000,2722
314.000000,2734
315.000000,2731
316.000000,2738
317.000000,2740
318.000000,2742
319.000000,2742
320.000000,2738
321.000000,2746
322.000000,2747
323.000000,2751
324.000000,2753
325.000000,2741
326.000000,2758
327.000000,2760
328.000000,2761
329.000000,2762
330.000000,2765
331.000000,2765
332.000000,2769
333.000000,2772
334.000000,2774
335.000000,2775
336.000000,2777
337.000000,2777
338.000000,2779
339.000000,2781
340.000000,2786
341.000000,2788
342.000000,2789
343.000000,2792
344.000000,2793
345.000000,2798
346.000000,2798
347.000000,2799
348.000000,2801
349.000000,2801
350.000000,2805
351.000000,2807
352.000000,2810
353.000000,2813
354.000000,2814
355.000000,2813
356.000000,2820
357.000000,2821
358.000000,2821
359.000000,2823
360.000000,2824
361.000000,2822
362.000000,2823
363.000000,2825
364.000000,2828
365.000000,2830
366.000000,2831
367.000000,2831
368.000000,2832
369.000000,2829
370.000000,2833
371.000000,2837
372.000000,2838
373.000000,2840
374.000000,2839
375.000000,2843
376.000000,2844
377.000000,2846
378.000000,2845
379.000000,2843
380.000000,2849
381.000000,2856
382.000000,2856
383.000000,2856
384.000000,2860
385.000000,2860
386.000000,2858
387.000000,2859
388.000000,2863
389.000000,2867
390.000000,2869
391.000000,2868
392.000000,2867
393.000000,2872
394.000000,2875
395.000000,2879
396.000000,2883
397.000000,2880
398.000000,2881
399.000000,2884
400.000000,2886
401.000000,2890
402.000000,2895
403.000000,2895
404.000000,2892
405.000000,2896
406.000000,2897
407.000000,2889
408.000000,2899
409.000000,2902
410.000000,2891
411.000000,2908
412.000000,2910
413.000000,2914
414.000000,2914
415.000000,2922
416.000000,2925
417.000000,2923
418.000000,2921
419.000000,2908
420.000000,2925
421.000000,2928
422.000000,2928
423.000000,2932
424.000000,2932
425.000000,2931
426.000000,2923
427.000000,2936
428.000000,2941
429.000000,2939
430.000000,2928
431.000000,2936
432.000000,2945
433.000000,2943
434.000000,2951
435.000000,2949
436.000000,2953
437.000000,2957
438.000000,2958
439.000000,2959
440.000000,2953
441.000000,2963
442.000000,2965
443.000000,2967
444.000000,2969
445.000000,2963
446.000000,2969
447.000000,2971
448.000000,2976
449.000000,2977
450.000000,2978
451.000000,2975
452.000000,2982
453.000000,2984
454.000000,2986
455.000000,2987
456.000000,2988
457.000000,2986
458.000000,2992
459.000000,2995
460.000000,2997
461.000000,3002
462.000000,2998
463.000000,3004
464.000000,3006
465.000000,3012
466.000000,3010
467.000000,3014
468.000000,3015
469.000000,3017
470.000000,3016
471.000000,3021
472.000000,3022
473.000000,3021
474.000000,3022
475.000000,3014
476.000000,3030
477.000000,3032
478.000000,3038
479.000000,3038
480.000000,3037
481.000000,3038
482.000000,3036
483.000000,3041
484.000000,3041
485.000000,3039
486.000000,3041
487.000000,3040
488.000000,3041
489.000000,3042
490.000000,3044
491.000000,3051
492.000000,3053
493.000000,3056
494.000000,3057
495.000000,3061
496.000000,3058
497.000000,3059
498.000000,3058
499.000000,3063
500.000000,3065
501.000000,3068
502.000000,3069
503.000000,3072
504.000000,3061
505.000000,3075
506.000000,3077
507.000000,3079
508.000000,3077
509.000000,3075
510.000000,3083
511.000000,3084
512.000000,3089
513.000000,3090
514.000000,3093
515.000000,3096
516.000000,3095
517.000000,3102
518.000000,3104
519.000000,3105
520.000000,3107
521.000000,3106
522.000000,3111
523.000000,3113
524.000000,3113
525.000000,3114
526.000000,3119
527.000000,3120
528.000000,3118
529.000000,3122
530.000000,3124
531.000000,3124
532.000000,3130
533.000000,3132
534.000000,3134
535.000000,3137
536.000000,3137
537.000000,3137
538.000000,3141
539.000000,3144
540.000000,3142
541.000000,3142
542.000000,3141
543.000000,3146
544.000000,3146
545.000000,3147
546.000000,3149
547.000000,3152
548.000000,3151
549.000000,3154
550.000000,3156
551.000000,3156
552.000000,3158
553.000000,3161
554.000000,3161
555.000000,3161
556.000000,3165
557.000000,3168
558.000000,3168
559.000000,3169
560.000000,3170
561.000000,3171
562.000000,3173
563.000000,3173
564.000000,3173
565.000000,3177
566.000000,3181
567.000000,3183
568.000000,3186
569.000000,3186
570.000000,3188
571.000000,3180
572.000000,3190
573.000000,3193
574.000000,3195
575.000000,3196
576.000000,3187
577.000000,3197
578.000000,3200
579.000000,3204
580.000000,3204
581.000000,3207
582.000000,3212
583.000000,3212
584.000000,3213
585.000000,3210
586.000000,3219
587.000000,3219
588.000000,3219
589.000000,3218
590.000000,3215
591.000000,3223
592.000000,3227
593.000000,3230
594.000000,3230
595.000000,3232
596.000000,3239
597.000000,3238
598.000000,3241
599.000000,3238
600.000000,3244
601.000000,3241
602.000000,3241
603.000000,3245
604.000000,3246
605.000000,3247
606.000000,3250
607.000000,3252
608.000000,3252
609.000000,3253
610.000000,3256
611.000000,3259
612.000000,3265
613.000000,3267
614.000000,3266
615.000000,3269
616.000000,3270
617.000000,3270
618.000000,3269
619.000000,3268
620.000000,3270
621.000000,3275
622.000000,3279
623.000000,3279
624.000000,3281
625.000000,3280
626.000000,3286
627.000000,3284
628.000000,3289
629.000000,3294
630.000000,3294
631.000000,3295
632.000000,3296
633.000000,3295
634.000000,3298
635.000000,3300
636.000000,3301
637.000000,3304
638.000000,3307
639.000000,3310
640.000000,3312
641.000000,3313
642.000000,3314
643.000000,3317
644.000000,3319
645.000000,3320
646.000000,3320
647.000000,3323
648.000000,3327
649.000000,3328
650.000000,3328
651.000000,3331
652.000000,3332
653.000000,3335
654.000000,3340
655.000000,3339
656.000000,3339
657.000000,3344
658.000000,3346
659.000000,3346
660.000000,3348
661.000000,3346
662.000000,3349
663.000000,3351
664.000000,3353
665.000000,3352
666.000000,3354
667.000000,3357
668.000000,3359
669.000000,3361
670.000000,3361
671.000000,3363
672.000000,3363
673.000000,3360
674.000000,3364
675.000000,3360
676.000000,3367
677.000000,3372
678.000000,3374
679.000000,3373
680.000000,3369
681.000000,3374
682.000000,3382
683.000000,3381
684.000000,3384
685.000000,3384
686.000000,3389
687.000000,3389
688.000000,3392
689.000000,3393
690.000000,3394
691.000000,3395
692.000000,3401
693.000000,3403
694.000000,3404
695.000000,3404
696.000000,3405
697.000000,3407
698.000000,3407
699.000000,3410
700.000000,3411
701.000000,3414
702.000000,3414
703.000000,3420
704.000000,3421
705.000000,3423
706.000000,3423
707.000000,3425
708.000000,3427
709.000000,3429
710.000000,3432
711.000000,3433
712.000000,3437
713.000000,3439
714.000000,3439
715.000000,3442
716.000000,3441
717.000000,3444
718.000000,3444
719.000000,3448
720.000000,3448
721.000000,3448
720.000000,3446
719.000000,3451
718.000000,3453
717.000000,3453
716.000000,3453
715.000000,3452
714.000000,3454
713.000000,3455
712.000000,3454
711.000000,3455
710.000000,3456
709.000000,3452
708.000000,3452
707.000000,3454
706.000000,3454
705.000000,3452
704.000000,3455
703.000000,3454
702.000000,3453
701.000000,3452
700.000000,3453
699.000000,3454
698.000000,3453
697.000000,3455
696.000000,3452
695.000000,3451
694.000000,3450
693.000000,3448
692.000000,3449
691.000000,3448
690.000000,3446
689.000000,3441
688.000000,3445
687.000000,3445
686.000000,3442
685.000000,3440
684.000000,3437
683.000000,3425
682.000000,3437
681.000000,3436
680.000000,3433
679.000000,3430
678.000000,3421
677.000000,3425
676.000000,3425
675.000000,3422
674.000000,3420
673.000000,3422
672.000000,3417
671.000000,3415
670.000000,3412
669.000000,3412
668.000000,3411
667.000000,3405
666.000000,3402
665.000000,3404
664.000000,3401
663.000000,3400
662.000000,3398
661.000000,3399
660.000000,3393
659.000000,3392
658.000000,3390
657.000000,3390
656.000000,3392
655.000000,3391
654.000000,3390
653.000000,3391
652.000000,3386
651.000000,3385
650.000000,3384
649.000000,3381
648.000000,3378
647.000000,3375
646.000000,3374
645.000000,3374
644.000000,3368
643.000000,3367
642.000000,3367
641.000000,3367
640.000000,3368
639.000000,3365
638.000000,3363
637.000000,3361
636.000000,3359
635.000000,3357
634.000000,3351
633.000000,3352
632.000000,3350
631.000000,3350
630.000000,3348
629.000000,3345
628.000000,3342
627.000000,3341
626.000000,3340
625.000000,3335
624.000000,3335
623.000000,3332
622.000000,3331
621.000000,3329
620.000000,3326
619.000000,3326
618.000000,3322
617.000000,3319
616.000000,3318
615.000000,3317
614.000000,3315
613.000000,3310
612.000000,3308
611.000000,3311
610.000000,3308
609.000000,3302
608.000000,3301
607.000000,3300
606.000000,3299
605.000000,3298
604.000000,3297
603.000000,3295
602.000000,3294
601.000000,3294
600.000000,3288
599.000000,3287
598.000000,3289
597.000000,3283
596.000000,3287
595.000000,3284
594.000000,3280
593.000000,3275
592.000000,3280
591.000000,3280
590.000000,3278
589.000000,3275
588.000000,3265
587.000000,3271
586.000000,3270
585.000000,3269
584.000000,3268
583.000000,3267
582.000000,3266
